<?xml version="1.0" encoding="UTF-8"?>
<gpx creator="https://gpx.studio" version="1.1" xmlns="http://www.topografix.com/GPX/1/1" xmlns:xsi="http://www.w3.org/2001/XMLSchema-instance" xsi:schemaLocation="http://www.topografix.com/GPX/1/1 http://www.topografix.com/GPX/1/1/gpx.xsd http://www.garmin.com/xmlschemas/GpxExtensions/v3 http://www.garmin.com/xmlschemas/GpxExtensionsv3.xsd http://www.garmin.com/xmlschemas/TrackPointExtension/v1 http://www.garmin.com/xmlschemas/TrackPointExtensionv1.xsd http://www.garmin.com/xmlschemas/PowerExtension/v1 http://www.garmin.com/xmlschemas/PowerExtensionv1.xsd http://www.topografix.com/GPX/gpx_style/0/2 http://www.topografix.com/GPX/gpx_style/0/2/gpx_style.xsd" xmlns:gpxtpx="http://www.garmin.com/xmlschemas/TrackPointExtension/v1" xmlns:gpxx="http://www.garmin.com/xmlschemas/GpxExtensions/v3" xmlns:gpxpx="http://www.garmin.com/xmlschemas/PowerExtension/v1" xmlns:gpx_style="http://www.topografix.com/GPX/gpx_style/0/2">
  <metadata>
    <name>Kunming to Guangzhounan</name>
    <author>
      <name>gpx.studio</name>
      <link href="https://gpx.studio"/>
    </author>
  </metadata>
  <trk>
    <name>Kunming to Guangzhounan</name>
    <trkseg>
      <trkpt lat="25.018355" lon="102.720321">
        <ele>1893.75</ele>
      </trkpt>
      <trkpt lat="25.018661" lon="102.724042">
        <ele>1895.5</ele>
      </trkpt>
      <trkpt lat="25.018677" lon="102.72443">
        <ele>1895.75</ele>
      </trkpt>
      <trkpt lat="25.018694" lon="102.725384">
        <ele>1894.5</ele>
      </trkpt>
      <trkpt lat="25.018716" lon="102.725983">
        <ele>1893.75</ele>
      </trkpt>
      <trkpt lat="25.018746" lon="102.726418">
        <ele>1893.75</ele>
      </trkpt>
      <trkpt lat="25.01876" lon="102.726592">
        <ele>1894</ele>
      </trkpt>
      <trkpt lat="25.018769" lon="102.727021">
        <ele>1894.5</ele>
      </trkpt>
      <trkpt lat="25.018775" lon="102.727329">
        <ele>1895.25</ele>
      </trkpt>
      <trkpt lat="25.018781" lon="102.727659">
        <ele>1896</ele>
      </trkpt>
      <trkpt lat="25.018788" lon="102.728054">
        <ele>1897.25</ele>
      </trkpt>
      <trkpt lat="25.018804" lon="102.728236">
        <ele>1897.75</ele>
      </trkpt>
      <trkpt lat="25.018919" lon="102.729595">
        <ele>1894.5</ele>
      </trkpt>
      <trkpt lat="25.019055" lon="102.731225">
        <ele>1890.5</ele>
      </trkpt>
      <trkpt lat="25.019086" lon="102.731514">
        <ele>1890.25</ele>
      </trkpt>
      <trkpt lat="25.019124" lon="102.731787">
        <ele>1890.25</ele>
      </trkpt>
      <trkpt lat="25.019188" lon="102.732163">
        <ele>1890.5</ele>
      </trkpt>
      <trkpt lat="25.019249" lon="102.732439">
        <ele>1890.75</ele>
      </trkpt>
      <trkpt lat="25.019323" lon="102.732735">
        <ele>1891.25</ele>
      </trkpt>
      <trkpt lat="25.019421" lon="102.733073">
        <ele>1891.5</ele>
      </trkpt>
      <trkpt lat="25.019568" lon="102.733503">
        <ele>1892</ele>
      </trkpt>
      <trkpt lat="25.01995" lon="102.734537">
        <ele>1892.75</ele>
      </trkpt>
      <trkpt lat="25.020269" lon="102.735347">
        <ele>1892</ele>
      </trkpt>
      <trkpt lat="25.020474" lon="102.735828">
        <ele>1891.75</ele>
      </trkpt>
      <trkpt lat="25.02067" lon="102.736253">
        <ele>1892</ele>
      </trkpt>
      <trkpt lat="25.021622" lon="102.738199">
        <ele>1892</ele>
      </trkpt>
      <trkpt lat="25.021812" lon="102.738583">
        <ele>1892.5</ele>
      </trkpt>
      <trkpt lat="25.022238" lon="102.739478">
        <ele>1893</ele>
      </trkpt>
      <trkpt lat="25.022962" lon="102.74096">
        <ele>1892.75</ele>
      </trkpt>
      <trkpt lat="25.023379" lon="102.741838">
        <ele>1892.5</ele>
      </trkpt>
      <trkpt lat="25.024036" lon="102.743264">
        <ele>1891.25</ele>
      </trkpt>
      <trkpt lat="25.024671" lon="102.744632">
        <ele>1894.75</ele>
      </trkpt>
      <trkpt lat="25.025143" lon="102.745639">
        <ele>1899.25</ele>
      </trkpt>
      <trkpt lat="25.025409" lon="102.746218">
        <ele>1899.25</ele>
      </trkpt>
      <trkpt lat="25.025503" lon="102.746445">
        <ele>1899.5</ele>
      </trkpt>
      <trkpt lat="25.025594" lon="102.746687">
        <ele>1900</ele>
      </trkpt>
      <trkpt lat="25.025683" lon="102.746982">
        <ele>1900</ele>
      </trkpt>
      <trkpt lat="25.025737" lon="102.747209">
        <ele>1900</ele>
      </trkpt>
      <trkpt lat="25.025781" lon="102.747453">
        <ele>1900</ele>
      </trkpt>
      <trkpt lat="25.025812" lon="102.747692">
        <ele>1900</ele>
      </trkpt>
      <trkpt lat="25.025827" lon="102.747933">
        <ele>1900.5</ele>
      </trkpt>
      <trkpt lat="25.025829" lon="102.748192">
        <ele>1900.75</ele>
      </trkpt>
      <trkpt lat="25.025815" lon="102.748454">
        <ele>1900.75</ele>
      </trkpt>
      <trkpt lat="25.02578" lon="102.748758">
        <ele>1900.75</ele>
      </trkpt>
      <trkpt lat="25.025733" lon="102.749028">
        <ele>1900.75</ele>
      </trkpt>
      <trkpt lat="25.025667" lon="102.74928">
        <ele>1900.75</ele>
      </trkpt>
      <trkpt lat="25.025534" lon="102.74968">
        <ele>1900.5</ele>
      </trkpt>
      <trkpt lat="25.025084" lon="102.7507">
        <ele>1900.5</ele>
      </trkpt>
      <trkpt lat="25.024584" lon="102.751842">
        <ele>1902</ele>
      </trkpt>
      <trkpt lat="25.024528" lon="102.751987">
        <ele>1902.25</ele>
      </trkpt>
      <trkpt lat="25.023814" lon="102.753791">
        <ele>1905</ele>
      </trkpt>
      <trkpt lat="25.023493" lon="102.754631">
        <ele>1906.75</ele>
      </trkpt>
      <trkpt lat="25.023273" lon="102.755231">
        <ele>1907.75</ele>
      </trkpt>
      <trkpt lat="25.020437" lon="102.762758">
        <ele>1915.5</ele>
      </trkpt>
      <trkpt lat="25.019176" lon="102.766133">
        <ele>1913.25</ele>
      </trkpt>
      <trkpt lat="25.019034" lon="102.766549">
        <ele>1912.25</ele>
      </trkpt>
      <trkpt lat="25.018814" lon="102.767237">
        <ele>1910</ele>
      </trkpt>
      <trkpt lat="25.018449" lon="102.768434">
        <ele>1909.25</ele>
      </trkpt>
      <trkpt lat="25.018316" lon="102.768843">
        <ele>1908.75</ele>
      </trkpt>
      <trkpt lat="25.018101" lon="102.769457">
        <ele>1909.25</ele>
      </trkpt>
      <trkpt lat="25.017844" lon="102.770087">
        <ele>1910.25</ele>
      </trkpt>
      <trkpt lat="25.017621" lon="102.770584">
        <ele>1911.5</ele>
      </trkpt>
      <trkpt lat="25.017426" lon="102.770988">
        <ele>1912</ele>
      </trkpt>
      <trkpt lat="25.017149" lon="102.771517">
        <ele>1912.25</ele>
      </trkpt>
      <trkpt lat="25.016856" lon="102.772053">
        <ele>1912.25</ele>
      </trkpt>
      <trkpt lat="25.016186" lon="102.773296">
        <ele>1910</ele>
      </trkpt>
      <trkpt lat="25.015726" lon="102.774147">
        <ele>1909.75</ele>
      </trkpt>
      <trkpt lat="25.012255" lon="102.780924">
        <ele>1908.75</ele>
      </trkpt>
      <trkpt lat="25.011381" lon="102.782674">
        <ele>1910.5</ele>
      </trkpt>
      <trkpt lat="25.01038" lon="102.784651">
        <ele>1910.25</ele>
      </trkpt>
      <trkpt lat="25.009218" lon="102.786918">
        <ele>1915.25</ele>
      </trkpt>
      <trkpt lat="25.006716" lon="102.791907">
        <ele>1925.75</ele>
      </trkpt>
      <trkpt lat="25.005905" lon="102.793545">
        <ele>1929</ele>
      </trkpt>
      <trkpt lat="25.005723" lon="102.793934">
        <ele>1930</ele>
      </trkpt>
      <trkpt lat="25.005551" lon="102.794335">
        <ele>1933.5</ele>
      </trkpt>
      <trkpt lat="25.005369" lon="102.794794">
        <ele>1938.25</ele>
      </trkpt>
      <trkpt lat="25.005174" lon="102.795338">
        <ele>1938.25</ele>
      </trkpt>
      <trkpt lat="25.001325" lon="102.807678">
        <ele>1943.75</ele>
      </trkpt>
      <trkpt lat="25.000851" lon="102.808951">
        <ele>1944.25</ele>
      </trkpt>
      <trkpt lat="25.000599" lon="102.809538">
        <ele>1944.5</ele>
      </trkpt>
      <trkpt lat="25.000316" lon="102.810089">
        <ele>1945</ele>
      </trkpt>
      <trkpt lat="25.000005" lon="102.81062">
        <ele>1945.25</ele>
      </trkpt>
      <trkpt lat="24.999713" lon="102.811064">
        <ele>1945.5</ele>
      </trkpt>
      <trkpt lat="24.999408" lon="102.811489">
        <ele>1945.75</ele>
      </trkpt>
      <trkpt lat="24.999132" lon="102.811833">
        <ele>1945.75</ele>
      </trkpt>
      <trkpt lat="24.998779" lon="102.812245">
        <ele>1946</ele>
      </trkpt>
      <trkpt lat="24.998318" lon="102.81273">
        <ele>1946.5</ele>
      </trkpt>
      <trkpt lat="24.997866" lon="102.813136">
        <ele>1943.25</ele>
      </trkpt>
      <trkpt lat="24.997511" lon="102.813416">
        <ele>1940.75</ele>
      </trkpt>
      <trkpt lat="24.997116" lon="102.813703">
        <ele>1939.75</ele>
      </trkpt>
      <trkpt lat="24.996705" lon="102.813969">
        <ele>1939.25</ele>
      </trkpt>
      <trkpt lat="24.996369" lon="102.814172">
        <ele>1939.25</ele>
      </trkpt>
      <trkpt lat="24.995816" lon="102.814487">
        <ele>1939.25</ele>
      </trkpt>
      <trkpt lat="24.995336" lon="102.814734">
        <ele>1939.5</ele>
      </trkpt>
      <trkpt lat="24.994852" lon="102.814943">
        <ele>1939.5</ele>
      </trkpt>
      <trkpt lat="24.994363" lon="102.815118">
        <ele>1939.75</ele>
      </trkpt>
      <trkpt lat="24.993882" lon="102.815262">
        <ele>1939.75</ele>
      </trkpt>
      <trkpt lat="24.993451" lon="102.815369">
        <ele>1939.75</ele>
      </trkpt>
      <trkpt lat="24.992973" lon="102.81546">
        <ele>1940</ele>
      </trkpt>
      <trkpt lat="24.992437" lon="102.815524">
        <ele>1940</ele>
      </trkpt>
      <trkpt lat="24.991863" lon="102.815572">
        <ele>1940.25</ele>
      </trkpt>
      <trkpt lat="24.991156" lon="102.815608">
        <ele>1940.5</ele>
      </trkpt>
      <trkpt lat="24.990485" lon="102.815593">
        <ele>1940.5</ele>
      </trkpt>
      <trkpt lat="24.990173" lon="102.815566">
        <ele>1940.75</ele>
      </trkpt>
      <trkpt lat="24.989852" lon="102.815524">
        <ele>1944</ele>
      </trkpt>
      <trkpt lat="24.987407" lon="102.815126">
        <ele>1938</ele>
      </trkpt>
      <trkpt lat="24.984801" lon="102.814734">
        <ele>1937.75</ele>
      </trkpt>
      <trkpt lat="24.982363" lon="102.814368">
        <ele>1936.25</ele>
      </trkpt>
      <trkpt lat="24.981798" lon="102.814306">
        <ele>1936</ele>
      </trkpt>
      <trkpt lat="24.981358" lon="102.814276">
        <ele>1935.75</ele>
      </trkpt>
      <trkpt lat="24.980098" lon="102.814209">
        <ele>1935</ele>
      </trkpt>
      <trkpt lat="24.97947" lon="102.814194">
        <ele>1935.25</ele>
      </trkpt>
      <trkpt lat="24.978772" lon="102.814226">
        <ele>1935.75</ele>
      </trkpt>
      <trkpt lat="24.978062" lon="102.814295">
        <ele>1936.25</ele>
      </trkpt>
      <trkpt lat="24.977308" lon="102.814398">
        <ele>1936.75</ele>
      </trkpt>
      <trkpt lat="24.952327" lon="102.818492">
        <ele>1953</ele>
      </trkpt>
      <trkpt lat="24.951569" lon="102.818663">
        <ele>1953.75</ele>
      </trkpt>
      <trkpt lat="24.951333" lon="102.818723">
        <ele>1952.75</ele>
      </trkpt>
      <trkpt lat="24.950989" lon="102.818836">
        <ele>1951.25</ele>
      </trkpt>
      <trkpt lat="24.950325" lon="102.819086">
        <ele>1953.25</ele>
      </trkpt>
      <trkpt lat="24.949969" lon="102.819235">
        <ele>1955.5</ele>
      </trkpt>
      <trkpt lat="24.949655" lon="102.819387">
        <ele>1958.75</ele>
      </trkpt>
      <trkpt lat="24.949059" lon="102.819747">
        <ele>1965</ele>
      </trkpt>
      <trkpt lat="24.94869" lon="102.819987">
        <ele>1966.25</ele>
      </trkpt>
      <trkpt lat="24.947813" lon="102.820613">
        <ele>1958.25</ele>
      </trkpt>
      <trkpt lat="24.946841" lon="102.821457">
        <ele>1950</ele>
      </trkpt>
      <trkpt lat="24.946242" lon="102.82212">
        <ele>1949.5</ele>
      </trkpt>
      <trkpt lat="24.945752" lon="102.822735">
        <ele>1949.5</ele>
      </trkpt>
      <trkpt lat="24.945561" lon="102.823017">
        <ele>1949.5</ele>
      </trkpt>
      <trkpt lat="24.944989" lon="102.823891">
        <ele>1950.25</ele>
      </trkpt>
      <trkpt lat="24.944747" lon="102.824311">
        <ele>1950.5</ele>
      </trkpt>
      <trkpt lat="24.944484" lon="102.824808">
        <ele>1951</ele>
      </trkpt>
      <trkpt lat="24.942175" lon="102.829664">
        <ele>1954.25</ele>
      </trkpt>
      <trkpt lat="24.941581" lon="102.83101">
        <ele>1955</ele>
      </trkpt>
      <trkpt lat="24.940902" lon="102.83251">
        <ele>1956.25</ele>
      </trkpt>
      <trkpt lat="24.940511" lon="102.833357">
        <ele>1953.5</ele>
      </trkpt>
      <trkpt lat="24.937878" lon="102.838926">
        <ele>1945.75</ele>
      </trkpt>
      <trkpt lat="24.937582" lon="102.839585">
        <ele>1945.25</ele>
      </trkpt>
      <trkpt lat="24.937469" lon="102.83986">
        <ele>1944.5</ele>
      </trkpt>
      <trkpt lat="24.937242" lon="102.840493">
        <ele>1941.5</ele>
      </trkpt>
      <trkpt lat="24.93714" lon="102.840829">
        <ele>1940</ele>
      </trkpt>
      <trkpt lat="24.937043" lon="102.841191">
        <ele>1940.75</ele>
      </trkpt>
      <trkpt lat="24.936973" lon="102.841499">
        <ele>1941.5</ele>
      </trkpt>
      <trkpt lat="24.936892" lon="102.841909">
        <ele>1942</ele>
      </trkpt>
      <trkpt lat="24.936749" lon="102.842819">
        <ele>1942</ele>
      </trkpt>
      <trkpt lat="24.936616" lon="102.843741">
        <ele>1942.5</ele>
      </trkpt>
      <trkpt lat="24.93641" lon="102.845175">
        <ele>1944</ele>
      </trkpt>
      <trkpt lat="24.936304" lon="102.845908">
        <ele>1944</ele>
      </trkpt>
      <trkpt lat="24.935354" lon="102.852427">
        <ele>1943.75</ele>
      </trkpt>
      <trkpt lat="24.935279" lon="102.852901">
        <ele>1944.75</ele>
      </trkpt>
      <trkpt lat="24.935161" lon="102.853459">
        <ele>1945.75</ele>
      </trkpt>
      <trkpt lat="24.934981" lon="102.854165">
        <ele>1947</ele>
      </trkpt>
      <trkpt lat="24.934753" lon="102.854841">
        <ele>1948.25</ele>
      </trkpt>
      <trkpt lat="24.934433" lon="102.855541">
        <ele>1949.5</ele>
      </trkpt>
      <trkpt lat="24.934153" lon="102.856051">
        <ele>1950.5</ele>
      </trkpt>
      <trkpt lat="24.933756" lon="102.85664">
        <ele>1951.75</ele>
      </trkpt>
      <trkpt lat="24.933458" lon="102.857021">
        <ele>1952.75</ele>
      </trkpt>
      <trkpt lat="24.933074" lon="102.857427">
        <ele>1953.75</ele>
      </trkpt>
      <trkpt lat="24.93265" lon="102.857849">
        <ele>1954.75</ele>
      </trkpt>
      <trkpt lat="24.932282" lon="102.858164">
        <ele>1955.75</ele>
      </trkpt>
      <trkpt lat="24.932067" lon="102.858329">
        <ele>1956.25</ele>
      </trkpt>
      <trkpt lat="24.931611" lon="102.858613">
        <ele>1957.25</ele>
      </trkpt>
      <trkpt lat="24.93104" lon="102.858929">
        <ele>1958.25</ele>
      </trkpt>
      <trkpt lat="24.930643" lon="102.859103">
        <ele>1959.25</ele>
      </trkpt>
      <trkpt lat="24.930121" lon="102.859307">
        <ele>1960.25</ele>
      </trkpt>
      <trkpt lat="24.92972" lon="102.859419">
        <ele>1961</ele>
      </trkpt>
      <trkpt lat="24.92914" lon="102.859569">
        <ele>1962</ele>
      </trkpt>
      <trkpt lat="24.928873" lon="102.859616">
        <ele>1962.75</ele>
      </trkpt>
      <trkpt lat="24.92834" lon="102.859666">
        <ele>1963.75</ele>
      </trkpt>
      <trkpt lat="24.92808" lon="102.859685">
        <ele>1964.25</ele>
      </trkpt>
      <trkpt lat="24.927734" lon="102.859681">
        <ele>1964.25</ele>
      </trkpt>
      <trkpt lat="24.927345" lon="102.859668">
        <ele>1964.5</ele>
      </trkpt>
      <trkpt lat="24.926991" lon="102.859624">
        <ele>1965</ele>
      </trkpt>
      <trkpt lat="24.926623" lon="102.859567">
        <ele>1965.5</ele>
      </trkpt>
      <trkpt lat="24.926256" lon="102.859479">
        <ele>1966</ele>
      </trkpt>
      <trkpt lat="24.92584" lon="102.859345">
        <ele>1966.5</ele>
      </trkpt>
      <trkpt lat="24.925374" lon="102.85917">
        <ele>1967.25</ele>
      </trkpt>
      <trkpt lat="24.921119" lon="102.85736">
        <ele>1973</ele>
      </trkpt>
      <trkpt lat="24.920498" lon="102.857111">
        <ele>1974</ele>
      </trkpt>
      <trkpt lat="24.920053" lon="102.856961">
        <ele>1974</ele>
      </trkpt>
      <trkpt lat="24.919796" lon="102.856876">
        <ele>1973.5</ele>
      </trkpt>
      <trkpt lat="24.919192" lon="102.856706">
        <ele>1972.75</ele>
      </trkpt>
      <trkpt lat="24.919006" lon="102.856659">
        <ele>1972.75</ele>
      </trkpt>
      <trkpt lat="24.918467" lon="102.856541">
        <ele>1972</ele>
      </trkpt>
      <trkpt lat="24.918181" lon="102.856487">
        <ele>1971.75</ele>
      </trkpt>
      <trkpt lat="24.917481" lon="102.856369">
        <ele>1970.75</ele>
      </trkpt>
      <trkpt lat="24.913145" lon="102.855865">
        <ele>1966</ele>
      </trkpt>
      <trkpt lat="24.910404" lon="102.855577">
        <ele>1960.75</ele>
      </trkpt>
      <trkpt lat="24.903575" lon="102.855065">
        <ele>1960.75</ele>
      </trkpt>
      <trkpt lat="24.901109" lon="102.854912">
        <ele>1950.25</ele>
      </trkpt>
      <trkpt lat="24.89887" lon="102.854798">
        <ele>1940.75</ele>
      </trkpt>
      <trkpt lat="24.89834" lon="102.854792">
        <ele>1938.75</ele>
      </trkpt>
      <trkpt lat="24.89442" lon="102.854827">
        <ele>1938.75</ele>
      </trkpt>
      <trkpt lat="24.893522" lon="102.854868">
        <ele>1939.25</ele>
      </trkpt>
      <trkpt lat="24.892757" lon="102.854961">
        <ele>1939.75</ele>
      </trkpt>
      <trkpt lat="24.892052" lon="102.855088">
        <ele>1940.25</ele>
      </trkpt>
      <trkpt lat="24.890784" lon="102.855338">
        <ele>1941</ele>
      </trkpt>
      <trkpt lat="24.890264" lon="102.855436">
        <ele>1941.5</ele>
      </trkpt>
      <trkpt lat="24.888759" lon="102.855758">
        <ele>1941.5</ele>
      </trkpt>
      <trkpt lat="24.886957" lon="102.856122">
        <ele>1938.5</ele>
      </trkpt>
      <trkpt lat="24.885185" lon="102.856478">
        <ele>1935.75</ele>
      </trkpt>
      <trkpt lat="24.884464" lon="102.85665">
        <ele>1934.75</ele>
      </trkpt>
      <trkpt lat="24.883833" lon="102.856844">
        <ele>1937.75</ele>
      </trkpt>
      <trkpt lat="24.883171" lon="102.857102">
        <ele>1942.75</ele>
      </trkpt>
      <trkpt lat="24.882546" lon="102.857384">
        <ele>1949.75</ele>
      </trkpt>
      <trkpt lat="24.881843" lon="102.857747">
        <ele>1948.25</ele>
      </trkpt>
      <trkpt lat="24.880601" lon="102.858291">
        <ele>1948.25</ele>
      </trkpt>
      <trkpt lat="24.880367" lon="102.858405">
        <ele>1947.5</ele>
      </trkpt>
      <trkpt lat="24.879528" lon="102.8588">
        <ele>1945.5</ele>
      </trkpt>
      <trkpt lat="24.878303" lon="102.85937">
        <ele>1942.5</ele>
      </trkpt>
      <trkpt lat="24.878035" lon="102.859488">
        <ele>1942</ele>
      </trkpt>
      <trkpt lat="24.877151" lon="102.859809">
        <ele>1940</ele>
      </trkpt>
      <trkpt lat="24.875493" lon="102.860395">
        <ele>1936</ele>
      </trkpt>
      <trkpt lat="24.872955" lon="102.861295">
        <ele>1930.25</ele>
      </trkpt>
      <trkpt lat="24.872955" lon="102.861295">
        <ele>1930.25</ele>
      </trkpt>
      <trkpt lat="24.871611" lon="102.861773">
        <ele>1935</ele>
      </trkpt>
      <trkpt lat="24.871111" lon="102.861949">
        <ele>1933.25</ele>
      </trkpt>
      <trkpt lat="24.870754" lon="102.8621">
        <ele>1932.25</ele>
      </trkpt>
      <trkpt lat="24.870447" lon="102.86225">
        <ele>1933.75</ele>
      </trkpt>
      <trkpt lat="24.870119" lon="102.862452">
        <ele>1936</ele>
      </trkpt>
      <trkpt lat="24.869196" lon="102.863085">
        <ele>1940</ele>
      </trkpt>
      <trkpt lat="24.86855" lon="102.863481">
        <ele>1949.25</ele>
      </trkpt>
      <trkpt lat="24.868113" lon="102.863713">
        <ele>1956.75</ele>
      </trkpt>
      <trkpt lat="24.867501" lon="102.864079">
        <ele>1956.75</ele>
      </trkpt>
      <trkpt lat="24.867044" lon="102.86435">
        <ele>1956</ele>
      </trkpt>
      <trkpt lat="24.865652" lon="102.865105">
        <ele>1953.75</ele>
      </trkpt>
      <trkpt lat="24.86432" lon="102.865897">
        <ele>1951.75</ele>
      </trkpt>
      <trkpt lat="24.862519" lon="102.867122">
        <ele>1949</ele>
      </trkpt>
      <trkpt lat="24.860652" lon="102.868513">
        <ele>1946</ele>
      </trkpt>
      <trkpt lat="24.857919" lon="102.870896">
        <ele>1941.25</ele>
      </trkpt>
      <trkpt lat="24.856226" lon="102.87269">
        <ele>1938</ele>
      </trkpt>
      <trkpt lat="24.854854" lon="102.874306">
        <ele>1935.25</ele>
      </trkpt>
      <trkpt lat="24.853752" lon="102.875763">
        <ele>1933</ele>
      </trkpt>
      <trkpt lat="24.85302" lon="102.876702">
        <ele>1931.5</ele>
      </trkpt>
      <trkpt lat="24.852146" lon="102.877882">
        <ele>1929.5</ele>
      </trkpt>
      <trkpt lat="24.850766" lon="102.879961">
        <ele>1926.5</ele>
      </trkpt>
      <trkpt lat="24.849422" lon="102.882012">
        <ele>1923.25</ele>
      </trkpt>
      <trkpt lat="24.848184" lon="102.884137">
        <ele>1920.25</ele>
      </trkpt>
      <trkpt lat="24.845849" lon="102.888509">
        <ele>1914</ele>
      </trkpt>
      <trkpt lat="24.843352" lon="102.893789">
        <ele>1906.75</ele>
      </trkpt>
      <trkpt lat="24.840956" lon="102.899483">
        <ele>1899</ele>
      </trkpt>
      <trkpt lat="24.840077" lon="102.901785">
        <ele>1896</ele>
      </trkpt>
      <trkpt lat="24.839" lon="102.904776">
        <ele>1892</ele>
      </trkpt>
      <trkpt lat="24.830935" lon="102.927949">
        <ele>1861.5</ele>
      </trkpt>
      <trkpt lat="24.829669" lon="102.931685">
        <ele>1856.75</ele>
      </trkpt>
      <trkpt lat="24.828689" lon="102.934618">
        <ele>1852.75</ele>
      </trkpt>
      <trkpt lat="24.827781" lon="102.937721">
        <ele>1848.75</ele>
      </trkpt>
      <trkpt lat="24.827312" lon="102.93935">
        <ele>1846.75</ele>
      </trkpt>
      <trkpt lat="24.827052" lon="102.940483">
        <ele>1845.25</ele>
      </trkpt>
      <trkpt lat="24.826393" lon="102.943421">
        <ele>1841.5</ele>
      </trkpt>
      <trkpt lat="24.825717" lon="102.94687">
        <ele>1837.25</ele>
      </trkpt>
      <trkpt lat="24.825057" lon="102.950793">
        <ele>1832.25</ele>
      </trkpt>
      <trkpt lat="24.824747" lon="102.953819">
        <ele>1828.5</ele>
      </trkpt>
      <trkpt lat="24.824663" lon="102.954993">
        <ele>1827.25</ele>
      </trkpt>
      <trkpt lat="24.824512" lon="102.957499">
        <ele>1824</ele>
      </trkpt>
      <trkpt lat="24.824506" lon="102.958556">
        <ele>1822.75</ele>
      </trkpt>
      <trkpt lat="24.824476" lon="102.960932">
        <ele>1819.75</ele>
      </trkpt>
      <trkpt lat="24.824514" lon="102.961938">
        <ele>1818.5</ele>
      </trkpt>
      <trkpt lat="24.824703" lon="102.964151">
        <ele>1816</ele>
      </trkpt>
      <trkpt lat="24.825058" lon="102.967354">
        <ele>1812</ele>
      </trkpt>
      <trkpt lat="24.825603" lon="102.970529">
        <ele>1808</ele>
      </trkpt>
      <trkpt lat="24.825851" lon="102.971742">
        <ele>1806.5</ele>
      </trkpt>
      <trkpt lat="24.826281" lon="102.973769">
        <ele>1803.75</ele>
      </trkpt>
      <trkpt lat="24.828214" lon="102.982673">
        <ele>1792.75</ele>
      </trkpt>
      <trkpt lat="24.828257" lon="102.98286">
        <ele>1792.5</ele>
      </trkpt>
      <trkpt lat="24.829698" lon="102.989479">
        <ele>1790.25</ele>
      </trkpt>
      <trkpt lat="24.830113" lon="102.991427">
        <ele>1791.75</ele>
      </trkpt>
      <trkpt lat="24.830229" lon="102.991941">
        <ele>1794.25</ele>
      </trkpt>
      <trkpt lat="24.830445" lon="102.993084">
        <ele>1804.75</ele>
      </trkpt>
      <trkpt lat="24.830792" lon="102.994643">
        <ele>1804.75</ele>
      </trkpt>
      <trkpt lat="24.831015" lon="102.995888">
        <ele>1803.5</ele>
      </trkpt>
      <trkpt lat="24.831259" lon="102.997517">
        <ele>1802</ele>
      </trkpt>
      <trkpt lat="24.831432" lon="102.99916">
        <ele>1800.25</ele>
      </trkpt>
      <trkpt lat="24.831646" lon="103.004128">
        <ele>1795.75</ele>
      </trkpt>
      <trkpt lat="24.831465" lon="103.00952">
        <ele>1790.75</ele>
      </trkpt>
      <trkpt lat="24.830931" lon="103.014737">
        <ele>1785.75</ele>
      </trkpt>
      <trkpt lat="24.823153" lon="103.06097">
        <ele>1742</ele>
      </trkpt>
      <trkpt lat="24.822068" lon="103.066428">
        <ele>1736.75</ele>
      </trkpt>
      <trkpt lat="24.820805" lon="103.071193">
        <ele>1732.25</ele>
      </trkpt>
      <trkpt lat="24.820251" lon="103.072738">
        <ele>1730.75</ele>
      </trkpt>
      <trkpt lat="24.81582" lon="103.084446">
        <ele>1683.5</ele>
      </trkpt>
      <trkpt lat="24.814369" lon="103.088069">
        <ele>1668.75</ele>
      </trkpt>
      <trkpt lat="24.812385" lon="103.092162">
        <ele>1651.5</ele>
      </trkpt>
      <trkpt lat="24.811174" lon="103.094173">
        <ele>1642.75</ele>
      </trkpt>
      <trkpt lat="24.809411" lon="103.096704">
        <ele>1643.75</ele>
      </trkpt>
      <trkpt lat="24.807153" lon="103.099564">
        <ele>1643.75</ele>
      </trkpt>
      <trkpt lat="24.806815" lon="103.099952">
        <ele>1643</ele>
      </trkpt>
      <trkpt lat="24.806244" lon="103.100577">
        <ele>1642.25</ele>
      </trkpt>
      <trkpt lat="24.801928" lon="103.105186">
        <ele>1636</ele>
      </trkpt>
      <trkpt lat="24.800612" lon="103.106606">
        <ele>1634.25</ele>
      </trkpt>
      <trkpt lat="24.800401" lon="103.106826">
        <ele>1635.25</ele>
      </trkpt>
      <trkpt lat="24.779163" lon="103.128774">
        <ele>1578.25</ele>
      </trkpt>
      <trkpt lat="24.77871" lon="103.129245">
        <ele>1570.5</ele>
      </trkpt>
      <trkpt lat="24.776518" lon="103.131537">
        <ele>1562.25</ele>
      </trkpt>
      <trkpt lat="24.776327" lon="103.131736">
        <ele>1564</ele>
      </trkpt>
      <trkpt lat="24.775782" lon="103.132301">
        <ele>1570.75</ele>
      </trkpt>
      <trkpt lat="24.774952" lon="103.133161">
        <ele>1563.25</ele>
      </trkpt>
      <trkpt lat="24.769731" lon="103.138577">
        <ele>1560</ele>
      </trkpt>
      <trkpt lat="24.756562" lon="103.152245">
        <ele>1560</ele>
      </trkpt>
      <trkpt lat="24.750143" lon="103.158879">
        <ele>1573.75</ele>
      </trkpt>
      <trkpt lat="24.749486" lon="103.159552">
        <ele>1575</ele>
      </trkpt>
      <trkpt lat="24.747597" lon="103.161518">
        <ele>1579</ele>
      </trkpt>
      <trkpt lat="24.746658" lon="103.162509">
        <ele>1581.25</ele>
      </trkpt>
      <trkpt lat="24.744531" lon="103.164556">
        <ele>1585.5</ele>
      </trkpt>
      <trkpt lat="24.742383" lon="103.166425">
        <ele>1589.75</ele>
      </trkpt>
      <trkpt lat="24.740678" lon="103.167774">
        <ele>1593</ele>
      </trkpt>
      <trkpt lat="24.738369" lon="103.169436">
        <ele>1597.5</ele>
      </trkpt>
      <trkpt lat="24.736194" lon="103.170805">
        <ele>1601.25</ele>
      </trkpt>
      <trkpt lat="24.727917" lon="103.175369">
        <ele>1615.75</ele>
      </trkpt>
      <trkpt lat="24.715882" lon="103.182025">
        <ele>1636.75</ele>
      </trkpt>
      <trkpt lat="24.711852" lon="103.184335">
        <ele>1643.75</ele>
      </trkpt>
      <trkpt lat="24.710566" lon="103.185203">
        <ele>1646.25</ele>
      </trkpt>
      <trkpt lat="24.709427" lon="103.185986">
        <ele>1648.25</ele>
      </trkpt>
      <trkpt lat="24.707328" lon="103.187573">
        <ele>1652.25</ele>
      </trkpt>
      <trkpt lat="24.704908" lon="103.189625">
        <ele>1657</ele>
      </trkpt>
      <trkpt lat="24.702871" lon="103.191567">
        <ele>1661.25</ele>
      </trkpt>
      <trkpt lat="24.700869" lon="103.193716">
        <ele>1665.5</ele>
      </trkpt>
      <trkpt lat="24.69902" lon="103.195978">
        <ele>1670</ele>
      </trkpt>
      <trkpt lat="24.698479" lon="103.196685">
        <ele>1671.25</ele>
      </trkpt>
      <trkpt lat="24.69722" lon="103.198354">
        <ele>1674.25</ele>
      </trkpt>
      <trkpt lat="24.697096" lon="103.198532">
        <ele>1674.5</ele>
      </trkpt>
      <trkpt lat="24.696404" lon="103.19952">
        <ele>1676.5</ele>
      </trkpt>
      <trkpt lat="24.696244" lon="103.199741">
        <ele>1686</ele>
      </trkpt>
      <trkpt lat="24.694818" lon="103.201777">
        <ele>1685.5</ele>
      </trkpt>
      <trkpt lat="24.694704" lon="103.201942">
        <ele>1678.75</ele>
      </trkpt>
      <trkpt lat="24.694161" lon="103.20275">
        <ele>1680.25</ele>
      </trkpt>
      <trkpt lat="24.687001" lon="103.213771">
        <ele>1688.75</ele>
      </trkpt>
      <trkpt lat="24.686816" lon="103.21406">
        <ele>1680.25</ele>
      </trkpt>
      <trkpt lat="24.685547" lon="103.216027">
        <ele>1668.5</ele>
      </trkpt>
      <trkpt lat="24.685196" lon="103.216572">
        <ele>1671</ele>
      </trkpt>
      <trkpt lat="24.684415" lon="103.217799">
        <ele>1675</ele>
      </trkpt>
      <trkpt lat="24.682801" lon="103.220312">
        <ele>1668.5</ele>
      </trkpt>
      <trkpt lat="24.681903" lon="103.221566">
        <ele>1660.25</ele>
      </trkpt>
      <trkpt lat="24.680492" lon="103.2233">
        <ele>1659</ele>
      </trkpt>
      <trkpt lat="24.679602" lon="103.224351">
        <ele>1661</ele>
      </trkpt>
      <trkpt lat="24.678675" lon="103.225377">
        <ele>1668.5</ele>
      </trkpt>
      <trkpt lat="24.677574" lon="103.226541">
        <ele>1662.25</ele>
      </trkpt>
      <trkpt lat="24.676338" lon="103.227762">
        <ele>1664</ele>
      </trkpt>
      <trkpt lat="24.675037" lon="103.228982">
        <ele>1663.75</ele>
      </trkpt>
      <trkpt lat="24.674006" lon="103.229865">
        <ele>1668</ele>
      </trkpt>
      <trkpt lat="24.672626" lon="103.230994">
        <ele>1673.5</ele>
      </trkpt>
      <trkpt lat="24.671564" lon="103.231861">
        <ele>1678</ele>
      </trkpt>
      <trkpt lat="24.670619" lon="103.232599">
        <ele>1668</ele>
      </trkpt>
      <trkpt lat="24.667329" lon="103.235012">
        <ele>1656.5</ele>
      </trkpt>
      <trkpt lat="24.66674" lon="103.235445">
        <ele>1658</ele>
      </trkpt>
      <trkpt lat="24.664422" lon="103.237173">
        <ele>1655</ele>
      </trkpt>
      <trkpt lat="24.663599" lon="103.23778">
        <ele>1659.25</ele>
      </trkpt>
      <trkpt lat="24.662602" lon="103.238463">
        <ele>1672.5</ele>
      </trkpt>
      <trkpt lat="24.656068" lon="103.243327">
        <ele>1651.75</ele>
      </trkpt>
      <trkpt lat="24.655182" lon="103.244066">
        <ele>1668.75</ele>
      </trkpt>
      <trkpt lat="24.653845" lon="103.245114">
        <ele>1680.5</ele>
      </trkpt>
      <trkpt lat="24.65311" lon="103.24572">
        <ele>1684.75</ele>
      </trkpt>
      <trkpt lat="24.640351" lon="103.255204">
        <ele>1691</ele>
      </trkpt>
      <trkpt lat="24.639235" lon="103.256016">
        <ele>1690</ele>
      </trkpt>
      <trkpt lat="24.635945" lon="103.258435">
        <ele>1682.75</ele>
      </trkpt>
      <trkpt lat="24.63136" lon="103.261891">
        <ele>1703</ele>
      </trkpt>
      <trkpt lat="24.628394" lon="103.264092">
        <ele>1715.75</ele>
      </trkpt>
      <trkpt lat="24.628082" lon="103.264325">
        <ele>1709.25</ele>
      </trkpt>
      <trkpt lat="24.625784" lon="103.266028">
        <ele>1711.75</ele>
      </trkpt>
      <trkpt lat="24.624892" lon="103.266694">
        <ele>1716</ele>
      </trkpt>
      <trkpt lat="24.621264" lon="103.269405">
        <ele>1724.75</ele>
      </trkpt>
      <trkpt lat="24.621108" lon="103.26952">
        <ele>1731.25</ele>
      </trkpt>
      <trkpt lat="24.619981" lon="103.270348">
        <ele>1733.75</ele>
      </trkpt>
      <trkpt lat="24.61978" lon="103.270501">
        <ele>1729</ele>
      </trkpt>
      <trkpt lat="24.618249" lon="103.271664">
        <ele>1733.5</ele>
      </trkpt>
      <trkpt lat="24.617961" lon="103.271882">
        <ele>1744</ele>
      </trkpt>
      <trkpt lat="24.61563" lon="103.273674">
        <ele>1758.75</ele>
      </trkpt>
      <trkpt lat="24.614989" lon="103.274187">
        <ele>1750</ele>
      </trkpt>
      <trkpt lat="24.614227" lon="103.274823">
        <ele>1747.25</ele>
      </trkpt>
      <trkpt lat="24.613499" lon="103.275446">
        <ele>1746.5</ele>
      </trkpt>
      <trkpt lat="24.612757" lon="103.276087">
        <ele>1745</ele>
      </trkpt>
      <trkpt lat="24.611672" lon="103.277088">
        <ele>1745</ele>
      </trkpt>
      <trkpt lat="24.610394" lon="103.278308">
        <ele>1744.25</ele>
      </trkpt>
      <trkpt lat="24.609354" lon="103.279368">
        <ele>1743.75</ele>
      </trkpt>
      <trkpt lat="24.608281" lon="103.280478">
        <ele>1743.25</ele>
      </trkpt>
      <trkpt lat="24.607336" lon="103.281519">
        <ele>1743</ele>
      </trkpt>
      <trkpt lat="24.51054" lon="103.390545">
        <ele>1696.75</ele>
      </trkpt>
      <trkpt lat="24.509504" lon="103.391613">
        <ele>1696.25</ele>
      </trkpt>
      <trkpt lat="24.508375" lon="103.392706">
        <ele>1695.75</ele>
      </trkpt>
      <trkpt lat="24.507153" lon="103.393805">
        <ele>1695.25</ele>
      </trkpt>
      <trkpt lat="24.505928" lon="103.39479">
        <ele>1694.75</ele>
      </trkpt>
      <trkpt lat="24.504753" lon="103.395675">
        <ele>1694.25</ele>
      </trkpt>
      <trkpt lat="24.503668" lon="103.396407">
        <ele>1693.75</ele>
      </trkpt>
      <trkpt lat="24.502465" lon="103.397163">
        <ele>1693.5</ele>
      </trkpt>
      <trkpt lat="24.501277" lon="103.397842">
        <ele>1693</ele>
      </trkpt>
      <trkpt lat="24.499986" lon="103.398477">
        <ele>1692.5</ele>
      </trkpt>
      <trkpt lat="24.498602" lon="103.399038">
        <ele>1692</ele>
      </trkpt>
      <trkpt lat="24.497011" lon="103.399548">
        <ele>1691.5</ele>
      </trkpt>
      <trkpt lat="24.494933" lon="103.400064">
        <ele>1690.75</ele>
      </trkpt>
      <trkpt lat="24.493827" lon="103.400264">
        <ele>1690.5</ele>
      </trkpt>
      <trkpt lat="24.490832" lon="103.400619">
        <ele>1682.75</ele>
      </trkpt>
      <trkpt lat="24.489873" lon="103.400719">
        <ele>1682.5</ele>
      </trkpt>
      <trkpt lat="24.488507" lon="103.400837">
        <ele>1680.5</ele>
      </trkpt>
      <trkpt lat="24.487855" lon="103.400849">
        <ele>1679.5</ele>
      </trkpt>
      <trkpt lat="24.48714" lon="103.400831">
        <ele>1678.5</ele>
      </trkpt>
      <trkpt lat="24.486301" lon="103.400787">
        <ele>1677.25</ele>
      </trkpt>
      <trkpt lat="24.48431" lon="103.400684">
        <ele>1674.25</ele>
      </trkpt>
      <trkpt lat="24.482886" lon="103.400559">
        <ele>1671.75</ele>
      </trkpt>
      <trkpt lat="24.481738" lon="103.400406">
        <ele>1669.75</ele>
      </trkpt>
      <trkpt lat="24.480415" lon="103.400176">
        <ele>1667.5</ele>
      </trkpt>
      <trkpt lat="24.479024" lon="103.39989">
        <ele>1665</ele>
      </trkpt>
      <trkpt lat="24.477689" lon="103.399585">
        <ele>1662.75</ele>
      </trkpt>
      <trkpt lat="24.398464" lon="103.379286">
        <ele>1523.25</ele>
      </trkpt>
      <trkpt lat="24.397183" lon="103.378982">
        <ele>1521</ele>
      </trkpt>
      <trkpt lat="24.395776" lon="103.378695">
        <ele>1518.5</ele>
      </trkpt>
      <trkpt lat="24.394617" lon="103.378498">
        <ele>1516.5</ele>
      </trkpt>
      <trkpt lat="24.393526" lon="103.378338">
        <ele>1514.75</ele>
      </trkpt>
      <trkpt lat="24.392346" lon="103.378226">
        <ele>1512.5</ele>
      </trkpt>
      <trkpt lat="24.390871" lon="103.378155">
        <ele>1510</ele>
      </trkpt>
      <trkpt lat="24.389621" lon="103.378171">
        <ele>1508</ele>
      </trkpt>
      <trkpt lat="24.388253" lon="103.378291">
        <ele>1505.5</ele>
      </trkpt>
      <trkpt lat="24.386863" lon="103.378481">
        <ele>1503.25</ele>
      </trkpt>
      <trkpt lat="24.385404" lon="103.378737">
        <ele>1500.75</ele>
      </trkpt>
      <trkpt lat="24.383095" lon="103.379243">
        <ele>1496.75</ele>
      </trkpt>
      <trkpt lat="24.381885" lon="103.379531">
        <ele>1492.75</ele>
      </trkpt>
      <trkpt lat="24.380928" lon="103.379795">
        <ele>1489.25</ele>
      </trkpt>
      <trkpt lat="24.379994" lon="103.380082">
        <ele>1486</ele>
      </trkpt>
      <trkpt lat="24.379062" lon="103.380407">
        <ele>1482.75</ele>
      </trkpt>
      <trkpt lat="24.377916" lon="103.380823">
        <ele>1478.75</ele>
      </trkpt>
      <trkpt lat="24.377109" lon="103.381148">
        <ele>1475.75</ele>
      </trkpt>
      <trkpt lat="24.376648" lon="103.381356">
        <ele>1474.25</ele>
      </trkpt>
      <trkpt lat="24.375378" lon="103.381892">
        <ele>1472.75</ele>
      </trkpt>
      <trkpt lat="24.374752" lon="103.382182">
        <ele>1472</ele>
      </trkpt>
      <trkpt lat="24.374117" lon="103.38249">
        <ele>1471</ele>
      </trkpt>
      <trkpt lat="24.371798" lon="103.383652">
        <ele>1468</ele>
      </trkpt>
      <trkpt lat="24.371158" lon="103.383986">
        <ele>1467.25</ele>
      </trkpt>
      <trkpt lat="24.370499" lon="103.384352">
        <ele>1467.75</ele>
      </trkpt>
      <trkpt lat="24.369804" lon="103.384782">
        <ele>1468.5</ele>
      </trkpt>
      <trkpt lat="24.368447" lon="103.385762">
        <ele>1470</ele>
      </trkpt>
      <trkpt lat="24.365613" lon="103.38772">
        <ele>1460.5</ele>
      </trkpt>
      <trkpt lat="24.364757" lon="103.388369">
        <ele>1458.75</ele>
      </trkpt>
      <trkpt lat="24.360497" lon="103.391666">
        <ele>1455.5</ele>
      </trkpt>
      <trkpt lat="24.35981" lon="103.392156">
        <ele>1443.75</ele>
      </trkpt>
      <trkpt lat="24.353644" lon="103.396843">
        <ele>1435.5</ele>
      </trkpt>
      <trkpt lat="24.349885" lon="103.399776">
        <ele>1448.75</ele>
      </trkpt>
      <trkpt lat="24.348768" lon="103.400574">
        <ele>1448.25</ele>
      </trkpt>
      <trkpt lat="24.348539" lon="103.400745">
        <ele>1449.25</ele>
      </trkpt>
      <trkpt lat="24.347478" lon="103.40162">
        <ele>1448.75</ele>
      </trkpt>
      <trkpt lat="24.347064" lon="103.401938">
        <ele>1447.75</ele>
      </trkpt>
      <trkpt lat="24.33601" lon="103.410405">
        <ele>1445.25</ele>
      </trkpt>
      <trkpt lat="24.334527" lon="103.411531">
        <ele>1443</ele>
      </trkpt>
      <trkpt lat="24.334248" lon="103.411749">
        <ele>1443</ele>
      </trkpt>
      <trkpt lat="24.331842" lon="103.413604">
        <ele>1443</ele>
      </trkpt>
      <trkpt lat="24.331522" lon="103.413846">
        <ele>1442</ele>
      </trkpt>
      <trkpt lat="24.32866" lon="103.416017">
        <ele>1435.5</ele>
      </trkpt>
      <trkpt lat="24.32761" lon="103.416825">
        <ele>1438.75</ele>
      </trkpt>
      <trkpt lat="24.326624" lon="103.417537">
        <ele>1433.75</ele>
      </trkpt>
      <trkpt lat="24.325818" lon="103.418102">
        <ele>1433.75</ele>
      </trkpt>
      <trkpt lat="24.325141" lon="103.41854">
        <ele>1433.75</ele>
      </trkpt>
      <trkpt lat="24.32446" lon="103.418969">
        <ele>1434</ele>
      </trkpt>
      <trkpt lat="24.323774" lon="103.419389">
        <ele>1434</ele>
      </trkpt>
      <trkpt lat="24.323084" lon="103.419801">
        <ele>1434.25</ele>
      </trkpt>
      <trkpt lat="24.322389" lon="103.420204">
        <ele>1434.5</ele>
      </trkpt>
      <trkpt lat="24.321691" lon="103.420599">
        <ele>1434.5</ele>
      </trkpt>
      <trkpt lat="24.320988" lon="103.420984">
        <ele>1434.75</ele>
      </trkpt>
      <trkpt lat="24.320281" lon="103.421361">
        <ele>1435</ele>
      </trkpt>
      <trkpt lat="24.319571" lon="103.421728">
        <ele>1435</ele>
      </trkpt>
      <trkpt lat="24.318857" lon="103.422087">
        <ele>1435.25</ele>
      </trkpt>
      <trkpt lat="24.31814" lon="103.422436">
        <ele>1435.25</ele>
      </trkpt>
      <trkpt lat="24.317419" lon="103.422776">
        <ele>1435.5</ele>
      </trkpt>
      <trkpt lat="24.316694" lon="103.423107">
        <ele>1435.75</ele>
      </trkpt>
      <trkpt lat="24.315966" lon="103.42343">
        <ele>1435.75</ele>
      </trkpt>
      <trkpt lat="24.315235" lon="103.423742">
        <ele>1436</ele>
      </trkpt>
      <trkpt lat="24.314508" lon="103.424064">
        <ele>1436.25</ele>
      </trkpt>
      <trkpt lat="24.313528" lon="103.424475">
        <ele>1436.5</ele>
      </trkpt>
      <trkpt lat="24.308256" lon="103.42657">
        <ele>1436.75</ele>
      </trkpt>
      <trkpt lat="24.305851" lon="103.427503">
        <ele>1436</ele>
      </trkpt>
      <trkpt lat="24.303918" lon="103.428419">
        <ele>1427</ele>
      </trkpt>
      <trkpt lat="24.303595" lon="103.428563">
        <ele>1425.5</ele>
      </trkpt>
      <trkpt lat="24.303487" lon="103.428612">
        <ele>1425.25</ele>
      </trkpt>
      <trkpt lat="24.30191" lon="103.429316">
        <ele>1428.75</ele>
      </trkpt>
      <trkpt lat="24.300533" lon="103.430094">
        <ele>1423.75</ele>
      </trkpt>
      <trkpt lat="24.298876" lon="103.431034">
        <ele>1419.5</ele>
      </trkpt>
      <trkpt lat="24.297549" lon="103.431838">
        <ele>1426.75</ele>
      </trkpt>
      <trkpt lat="24.295055" lon="103.433447">
        <ele>1421</ele>
      </trkpt>
      <trkpt lat="24.292907" lon="103.434995">
        <ele>1416.75</ele>
      </trkpt>
      <trkpt lat="24.29219" lon="103.435538">
        <ele>1416.5</ele>
      </trkpt>
      <trkpt lat="24.290825" lon="103.436598">
        <ele>1414.5</ele>
      </trkpt>
      <trkpt lat="24.288784" lon="103.438249">
        <ele>1411.25</ele>
      </trkpt>
      <trkpt lat="24.281689" lon="103.444384">
        <ele>1399.5</ele>
      </trkpt>
      <trkpt lat="24.277407" lon="103.448032">
        <ele>1392.5</ele>
      </trkpt>
      <trkpt lat="24.27565" lon="103.449485">
        <ele>1389.75</ele>
      </trkpt>
      <trkpt lat="24.272965" lon="103.451774">
        <ele>1385.5</ele>
      </trkpt>
      <trkpt lat="24.271921" lon="103.452614">
        <ele>1384</ele>
      </trkpt>
      <trkpt lat="24.271178" lon="103.453179">
        <ele>1383.25</ele>
      </trkpt>
      <trkpt lat="24.269086" lon="103.45471">
        <ele>1383.25</ele>
      </trkpt>
      <trkpt lat="24.268028" lon="103.455452">
        <ele>1384.5</ele>
      </trkpt>
      <trkpt lat="24.265778" lon="103.456975">
        <ele>1387</ele>
      </trkpt>
      <trkpt lat="24.263819" lon="103.458284">
        <ele>1389.5</ele>
      </trkpt>
      <trkpt lat="24.24967" lon="103.46728">
        <ele>1379.75</ele>
      </trkpt>
      <trkpt lat="24.248931" lon="103.467753">
        <ele>1378.25</ele>
      </trkpt>
      <trkpt lat="24.242999" lon="103.471562">
        <ele>1382.75</ele>
      </trkpt>
      <trkpt lat="24.240664" lon="103.473161">
        <ele>1382</ele>
      </trkpt>
      <trkpt lat="24.238244" lon="103.474991">
        <ele>1400.75</ele>
      </trkpt>
      <trkpt lat="24.153568" lon="103.540349">
        <ele>1328</ele>
      </trkpt>
      <trkpt lat="24.152046" lon="103.54154">
        <ele>1328</ele>
      </trkpt>
      <trkpt lat="24.135666" lon="103.554065">
        <ele>1281.5</ele>
      </trkpt>
      <trkpt lat="24.13309" lon="103.556209">
        <ele>1274</ele>
      </trkpt>
      <trkpt lat="24.13084" lon="103.558222">
        <ele>1267.25</ele>
      </trkpt>
      <trkpt lat="24.128679" lon="103.560347">
        <ele>1260.5</ele>
      </trkpt>
      <trkpt lat="24.126522" lon="103.562634">
        <ele>1253.75</ele>
      </trkpt>
      <trkpt lat="24.124448" lon="103.565258">
        <ele>1246.25</ele>
      </trkpt>
      <trkpt lat="24.122609" lon="103.567741">
        <ele>1239.5</ele>
      </trkpt>
      <trkpt lat="24.119699" lon="103.572452">
        <ele>1227.5</ele>
      </trkpt>
      <trkpt lat="24.113519" lon="103.582846">
        <ele>1201.25</ele>
      </trkpt>
      <trkpt lat="24.109505" lon="103.589618">
        <ele>1201.25</ele>
      </trkpt>
      <trkpt lat="24.10779" lon="103.592425">
        <ele>1207.25</ele>
      </trkpt>
      <trkpt lat="24.105369" lon="103.596196">
        <ele>1215.5</ele>
      </trkpt>
      <trkpt lat="24.102276" lon="103.600746">
        <ele>1225.75</ele>
      </trkpt>
      <trkpt lat="24.097596" lon="103.607243">
        <ele>1240.5</ele>
      </trkpt>
      <trkpt lat="24.093663" lon="103.61273">
        <ele>1253.25</ele>
      </trkpt>
      <trkpt lat="24.059227" lon="103.660675">
        <ele>1332.5</ele>
      </trkpt>
      <trkpt lat="24.058079" lon="103.662212">
        <ele>1335</ele>
      </trkpt>
      <trkpt lat="24.057338" lon="103.663168">
        <ele>1336.5</ele>
      </trkpt>
      <trkpt lat="24.05666" lon="103.664015">
        <ele>1338</ele>
      </trkpt>
      <trkpt lat="24.055934" lon="103.664898">
        <ele>1339.5</ele>
      </trkpt>
      <trkpt lat="24.055235" lon="103.665722">
        <ele>1341</ele>
      </trkpt>
      <trkpt lat="24.054433" lon="103.66664">
        <ele>1342.75</ele>
      </trkpt>
      <trkpt lat="24.053726" lon="103.667424">
        <ele>1344.25</ele>
      </trkpt>
      <trkpt lat="24.052984" lon="103.668224">
        <ele>1345.75</ele>
      </trkpt>
      <trkpt lat="24.052176" lon="103.669071">
        <ele>1347.25</ele>
      </trkpt>
      <trkpt lat="24.051352" lon="103.669907">
        <ele>1348.75</ele>
      </trkpt>
      <trkpt lat="24.05049" lon="103.670754">
        <ele>1350.5</ele>
      </trkpt>
      <trkpt lat="24.049668" lon="103.671537">
        <ele>1352</ele>
      </trkpt>
      <trkpt lat="24.048746" lon="103.672387">
        <ele>1353.75</ele>
      </trkpt>
      <trkpt lat="24.04777" lon="103.673256">
        <ele>1355.5</ele>
      </trkpt>
      <trkpt lat="24.046794" lon="103.674095">
        <ele>1357.25</ele>
      </trkpt>
      <trkpt lat="24.045734" lon="103.674972">
        <ele>1359.25</ele>
      </trkpt>
      <trkpt lat="24.044496" lon="103.675956">
        <ele>1361.5</ele>
      </trkpt>
      <trkpt lat="24.043282" lon="103.676878">
        <ele>1363.5</ele>
      </trkpt>
      <trkpt lat="24.042099" lon="103.677739">
        <ele>1365.5</ele>
      </trkpt>
      <trkpt lat="24.040829" lon="103.678623">
        <ele>1367.75</ele>
      </trkpt>
      <trkpt lat="24.039516" lon="103.679495">
        <ele>1369.75</ele>
      </trkpt>
      <trkpt lat="24.038281" lon="103.680278">
        <ele>1371.75</ele>
      </trkpt>
      <trkpt lat="24.037015" lon="103.681043">
        <ele>1374</ele>
      </trkpt>
      <trkpt lat="24.035689" lon="103.681805">
        <ele>1376</ele>
      </trkpt>
      <trkpt lat="24.034993" lon="103.682191">
        <ele>1377.25</ele>
      </trkpt>
      <trkpt lat="24.034316" lon="103.682555">
        <ele>1377</ele>
      </trkpt>
      <trkpt lat="24.03313" lon="103.683173">
        <ele>1377</ele>
      </trkpt>
      <trkpt lat="24.031985" lon="103.68374">
        <ele>1377.75</ele>
      </trkpt>
      <trkpt lat="24.030819" lon="103.684292">
        <ele>1378.75</ele>
      </trkpt>
      <trkpt lat="24.0296" lon="103.68484">
        <ele>1379.75</ele>
      </trkpt>
      <trkpt lat="24.028371" lon="103.685364">
        <ele>1380.75</ele>
      </trkpt>
      <trkpt lat="24.027187" lon="103.685843">
        <ele>1381.75</ele>
      </trkpt>
      <trkpt lat="24.025823" lon="103.686362">
        <ele>1383</ele>
      </trkpt>
      <trkpt lat="24.024457" lon="103.686848">
        <ele>1384</ele>
      </trkpt>
      <trkpt lat="24.023292" lon="103.687238">
        <ele>1385</ele>
      </trkpt>
      <trkpt lat="24.022183" lon="103.687586">
        <ele>1386</ele>
      </trkpt>
      <trkpt lat="24.021094" lon="103.687908">
        <ele>1386.75</ele>
      </trkpt>
      <trkpt lat="24.01993" lon="103.68823">
        <ele>1387.75</ele>
      </trkpt>
      <trkpt lat="24.018798" lon="103.688522">
        <ele>1388.5</ele>
      </trkpt>
      <trkpt lat="24.017798" lon="103.688762">
        <ele>1389.5</ele>
      </trkpt>
      <trkpt lat="24.016779" lon="103.68899">
        <ele>1390.25</ele>
      </trkpt>
      <trkpt lat="23.96209" lon="103.700931">
        <ele>1433.25</ele>
      </trkpt>
      <trkpt lat="23.960856" lon="103.701212">
        <ele>1434.25</ele>
      </trkpt>
      <trkpt lat="23.959564" lon="103.701534">
        <ele>1435.25</ele>
      </trkpt>
      <trkpt lat="23.958184" lon="103.701908">
        <ele>1436.25</ele>
      </trkpt>
      <trkpt lat="23.95668" lon="103.702352">
        <ele>1437.5</ele>
      </trkpt>
      <trkpt lat="23.955101" lon="103.702859">
        <ele>1438.75</ele>
      </trkpt>
      <trkpt lat="23.95354" lon="103.703404">
        <ele>1440</ele>
      </trkpt>
      <trkpt lat="23.952345" lon="103.70385">
        <ele>1441</ele>
      </trkpt>
      <trkpt lat="23.951088" lon="103.704347">
        <ele>1442</ele>
      </trkpt>
      <trkpt lat="23.949796" lon="103.704889">
        <ele>1443</ele>
      </trkpt>
      <trkpt lat="23.948569" lon="103.705433">
        <ele>1444.25</ele>
      </trkpt>
      <trkpt lat="23.947446" lon="103.705956">
        <ele>1445</ele>
      </trkpt>
      <trkpt lat="23.946282" lon="103.706524">
        <ele>1446</ele>
      </trkpt>
      <trkpt lat="23.945062" lon="103.70715">
        <ele>1447</ele>
      </trkpt>
      <trkpt lat="23.943924" lon="103.707761">
        <ele>1448</ele>
      </trkpt>
      <trkpt lat="23.942845" lon="103.708366">
        <ele>1449</ele>
      </trkpt>
      <trkpt lat="23.941572" lon="103.709112">
        <ele>1450</ele>
      </trkpt>
      <trkpt lat="23.940438" lon="103.709809">
        <ele>1451</ele>
      </trkpt>
      <trkpt lat="23.939351" lon="103.710503">
        <ele>1452</ele>
      </trkpt>
      <trkpt lat="23.938303" lon="103.7112">
        <ele>1453</ele>
      </trkpt>
      <trkpt lat="23.937269" lon="103.711915">
        <ele>1454</ele>
      </trkpt>
      <trkpt lat="23.936129" lon="103.712735">
        <ele>1455</ele>
      </trkpt>
      <trkpt lat="23.935159" lon="103.713459">
        <ele>1456</ele>
      </trkpt>
      <trkpt lat="23.934138" lon="103.71425">
        <ele>1457</ele>
      </trkpt>
      <trkpt lat="23.933129" lon="103.71506">
        <ele>1458</ele>
      </trkpt>
      <trkpt lat="23.932181" lon="103.715849">
        <ele>1458.75</ele>
      </trkpt>
      <trkpt lat="23.931178" lon="103.716713">
        <ele>1459.75</ele>
      </trkpt>
      <trkpt lat="23.930369" lon="103.717435">
        <ele>1460.5</ele>
      </trkpt>
      <trkpt lat="23.929477" lon="103.718255">
        <ele>1461.5</ele>
      </trkpt>
      <trkpt lat="23.928653" lon="103.719037">
        <ele>1462.25</ele>
      </trkpt>
      <trkpt lat="23.927913" lon="103.71976">
        <ele>1463</ele>
      </trkpt>
      <trkpt lat="23.920315" lon="103.727286">
        <ele>1471</ele>
      </trkpt>
      <trkpt lat="23.914222" lon="103.73332">
        <ele>1477.5</ele>
      </trkpt>
      <trkpt lat="23.912495" lon="103.735031">
        <ele>1478.75</ele>
      </trkpt>
      <trkpt lat="23.911586" lon="103.735932">
        <ele>1477.25</ele>
      </trkpt>
      <trkpt lat="23.909226" lon="103.738269">
        <ele>1476</ele>
      </trkpt>
      <trkpt lat="23.907734" lon="103.739747">
        <ele>1471.75</ele>
      </trkpt>
      <trkpt lat="23.90108" lon="103.746337">
        <ele>1475.5</ele>
      </trkpt>
      <trkpt lat="23.896396" lon="103.750976">
        <ele>1471.25</ele>
      </trkpt>
      <trkpt lat="23.895258" lon="103.752104">
        <ele>1478.25</ele>
      </trkpt>
      <trkpt lat="23.883181" lon="103.764065">
        <ele>1497</ele>
      </trkpt>
      <trkpt lat="23.878623" lon="103.76858">
        <ele>1514.75</ele>
      </trkpt>
      <trkpt lat="23.875258" lon="103.771989">
        <ele>1501.25</ele>
      </trkpt>
      <trkpt lat="23.873637" lon="103.773883">
        <ele>1504.5</ele>
      </trkpt>
      <trkpt lat="23.872315" lon="103.775534">
        <ele>1504.25</ele>
      </trkpt>
      <trkpt lat="23.871247" lon="103.776899">
        <ele>1503.25</ele>
      </trkpt>
      <trkpt lat="23.870296" lon="103.778239">
        <ele>1495.5</ele>
      </trkpt>
      <trkpt lat="23.869383" lon="103.779601">
        <ele>1501.5</ele>
      </trkpt>
      <trkpt lat="23.868514" lon="103.781016">
        <ele>1500</ele>
      </trkpt>
      <trkpt lat="23.867772" lon="103.782312">
        <ele>1507</ele>
      </trkpt>
      <trkpt lat="23.866882" lon="103.783953">
        <ele>1513.75</ele>
      </trkpt>
      <trkpt lat="23.865799" lon="103.786056">
        <ele>1520.25</ele>
      </trkpt>
      <trkpt lat="23.86493" lon="103.787904">
        <ele>1521</ele>
      </trkpt>
      <trkpt lat="23.864124" lon="103.789826">
        <ele>1518.25</ele>
      </trkpt>
      <trkpt lat="23.863419" lon="103.791674">
        <ele>1522</ele>
      </trkpt>
      <trkpt lat="23.862854" lon="103.793367">
        <ele>1525</ele>
      </trkpt>
      <trkpt lat="23.85742" lon="103.80993">
        <ele>1543.75</ele>
      </trkpt>
      <trkpt lat="23.857281" lon="103.810355">
        <ele>1543</ele>
      </trkpt>
      <trkpt lat="23.851781" lon="103.827347">
        <ele>1542.75</ele>
      </trkpt>
      <trkpt lat="23.851647" lon="103.827733">
        <ele>1545.5</ele>
      </trkpt>
      <trkpt lat="23.849455" lon="103.834319">
        <ele>1545.25</ele>
      </trkpt>
      <trkpt lat="23.848309" lon="103.838114">
        <ele>1546.25</ele>
      </trkpt>
      <trkpt lat="23.847152" lon="103.842714">
        <ele>1547.25</ele>
      </trkpt>
      <trkpt lat="23.846389" lon="103.847845">
        <ele>1548.25</ele>
      </trkpt>
      <trkpt lat="23.846097" lon="103.853215">
        <ele>1549.5</ele>
      </trkpt>
      <trkpt lat="23.846193" lon="103.857897">
        <ele>1550.5</ele>
      </trkpt>
      <trkpt lat="23.84653" lon="103.862189">
        <ele>1551.5</ele>
      </trkpt>
      <trkpt lat="23.84694" lon="103.865362">
        <ele>1552.25</ele>
      </trkpt>
      <trkpt lat="23.847235" lon="103.867646">
        <ele>1566</ele>
      </trkpt>
      <trkpt lat="23.848603" lon="103.877375">
        <ele>1568</ele>
      </trkpt>
      <trkpt lat="23.848631" lon="103.87759">
        <ele>1561.5</ele>
      </trkpt>
      <trkpt lat="23.849012" lon="103.880165">
        <ele>1550.25</ele>
      </trkpt>
      <trkpt lat="23.850406" lon="103.89029">
        <ele>1562.25</ele>
      </trkpt>
      <trkpt lat="23.851526" lon="103.898418">
        <ele>1575.5</ele>
      </trkpt>
      <trkpt lat="23.851694" lon="103.899637">
        <ele>1589</ele>
      </trkpt>
      <trkpt lat="23.854854" lon="103.922675">
        <ele>1624.75</ele>
      </trkpt>
      <trkpt lat="23.857421" lon="103.941007">
        <ele>1624.75</ele>
      </trkpt>
      <trkpt lat="23.858313" lon="103.947611">
        <ele>1632.25</ele>
      </trkpt>
      <trkpt lat="23.859098" lon="103.954233">
        <ele>1639.75</ele>
      </trkpt>
      <trkpt lat="23.859592" lon="103.96015">
        <ele>1646.25</ele>
      </trkpt>
      <trkpt lat="23.860026" lon="103.968419">
        <ele>1655.75</ele>
      </trkpt>
      <trkpt lat="23.861366" lon="103.995129">
        <ele>1669.25</ele>
      </trkpt>
      <trkpt lat="23.861571" lon="103.997576">
        <ele>1657.75</ele>
      </trkpt>
      <trkpt lat="23.861851" lon="104.000027">
        <ele>1652.5</ele>
      </trkpt>
      <trkpt lat="23.862284" lon="104.002833">
        <ele>1647</ele>
      </trkpt>
      <trkpt lat="23.862904" lon="104.00583">
        <ele>1660.75</ele>
      </trkpt>
      <trkpt lat="23.863666" lon="104.008743">
        <ele>1660.75</ele>
      </trkpt>
      <trkpt lat="23.864351" lon="104.010823">
        <ele>1656</ele>
      </trkpt>
      <trkpt lat="23.865215" lon="104.013158">
        <ele>1650.5</ele>
      </trkpt>
      <trkpt lat="23.865937" lon="104.014876">
        <ele>1646.75</ele>
      </trkpt>
      <trkpt lat="23.867091" lon="104.017299">
        <ele>1650.5</ele>
      </trkpt>
      <trkpt lat="23.868541" lon="104.020052">
        <ele>1655</ele>
      </trkpt>
      <trkpt lat="23.869855" lon="104.022379">
        <ele>1659</ele>
      </trkpt>
      <trkpt lat="23.871444" lon="104.024762">
        <ele>1663.25</ele>
      </trkpt>
      <trkpt lat="23.872179" lon="104.02579">
        <ele>1665.25</ele>
      </trkpt>
      <trkpt lat="23.87356" lon="104.027633">
        <ele>1653.25</ele>
      </trkpt>
      <trkpt lat="23.874091" lon="104.028262">
        <ele>1654.5</ele>
      </trkpt>
      <trkpt lat="23.876718" lon="104.031375">
        <ele>1663.75</ele>
      </trkpt>
      <trkpt lat="23.878016" lon="104.032863">
        <ele>1663.75</ele>
      </trkpt>
      <trkpt lat="23.931244" lon="104.08811">
        <ele>1606.25</ele>
      </trkpt>
      <trkpt lat="23.944428" lon="104.105883">
        <ele>1589.75</ele>
      </trkpt>
      <trkpt lat="23.951571" lon="104.117564">
        <ele>1579.75</ele>
      </trkpt>
      <trkpt lat="23.955358" lon="104.126082">
        <ele>1573</ele>
      </trkpt>
      <trkpt lat="23.955547" lon="104.126532">
        <ele>1572.5</ele>
      </trkpt>
      <trkpt lat="23.956202" lon="104.128086">
        <ele>1571.5</ele>
      </trkpt>
      <trkpt lat="23.95735" lon="104.131158">
        <ele>1559.25</ele>
      </trkpt>
      <trkpt lat="23.958164" lon="104.133668">
        <ele>1553.5</ele>
      </trkpt>
      <trkpt lat="23.96206" lon="104.146302">
        <ele>1523.25</ele>
      </trkpt>
      <trkpt lat="23.962444" lon="104.147564">
        <ele>1523.25</ele>
      </trkpt>
      <trkpt lat="23.968675" lon="104.168165">
        <ele>1496.75</ele>
      </trkpt>
      <trkpt lat="23.969338" lon="104.170355">
        <ele>1497.75</ele>
      </trkpt>
      <trkpt lat="23.969392" lon="104.170536">
        <ele>1498</ele>
      </trkpt>
      <trkpt lat="23.969645" lon="104.17137">
        <ele>1498.75</ele>
      </trkpt>
      <trkpt lat="23.973244" lon="104.183268">
        <ele>1512.75</ele>
      </trkpt>
      <trkpt lat="23.976942" lon="104.195493">
        <ele>1524.5</ele>
      </trkpt>
      <trkpt lat="23.977833" lon="104.198672">
        <ele>1516.5</ele>
      </trkpt>
      <trkpt lat="23.978285" lon="104.200972">
        <ele>1515.25</ele>
      </trkpt>
      <trkpt lat="23.978658" lon="104.203164">
        <ele>1515.25</ele>
      </trkpt>
      <trkpt lat="23.978913" lon="104.205184">
        <ele>1514.5</ele>
      </trkpt>
      <trkpt lat="23.97911" lon="104.207269">
        <ele>1514</ele>
      </trkpt>
      <trkpt lat="23.979267" lon="104.210395">
        <ele>1513.25</ele>
      </trkpt>
      <trkpt lat="23.979257" lon="104.213039">
        <ele>1515</ele>
      </trkpt>
      <trkpt lat="23.979027" lon="104.2168">
        <ele>1515</ele>
      </trkpt>
      <trkpt lat="23.978854" lon="104.21885">
        <ele>1513.5</ele>
      </trkpt>
      <trkpt lat="23.97856" lon="104.220916">
        <ele>1512.25</ele>
      </trkpt>
      <trkpt lat="23.97785" lon="104.2242">
        <ele>1510.25</ele>
      </trkpt>
      <trkpt lat="23.977068" lon="104.227594">
        <ele>1508.25</ele>
      </trkpt>
      <trkpt lat="23.976695" lon="104.229015">
        <ele>1510</ele>
      </trkpt>
      <trkpt lat="23.975693" lon="104.231854">
        <ele>1514</ele>
      </trkpt>
      <trkpt lat="23.97422" lon="104.235249">
        <ele>1519</ele>
      </trkpt>
      <trkpt lat="23.97171" lon="104.240314">
        <ele>1526.75</ele>
      </trkpt>
      <trkpt lat="23.970847" lon="104.242073">
        <ele>1526.75</ele>
      </trkpt>
      <trkpt lat="23.967938" lon="104.248075">
        <ele>1534.75</ele>
      </trkpt>
      <trkpt lat="23.965115" lon="104.25443">
        <ele>1543.25</ele>
      </trkpt>
      <trkpt lat="23.962522" lon="104.261301">
        <ele>1552</ele>
      </trkpt>
      <trkpt lat="23.959964" lon="104.269419">
        <ele>1562.25</ele>
      </trkpt>
      <trkpt lat="23.956427" lon="104.282638">
        <ele>1578.75</ele>
      </trkpt>
      <trkpt lat="23.950852" lon="104.302365">
        <ele>1557</ele>
      </trkpt>
      <trkpt lat="23.950628" lon="104.303096">
        <ele>1559.75</ele>
      </trkpt>
      <trkpt lat="23.95023" lon="104.304669">
        <ele>1559.75</ele>
      </trkpt>
      <trkpt lat="23.949568" lon="104.307868">
        <ele>1555.5</ele>
      </trkpt>
      <trkpt lat="23.949141" lon="104.310073">
        <ele>1552.75</ele>
      </trkpt>
      <trkpt lat="23.948722" lon="104.312551">
        <ele>1549.5</ele>
      </trkpt>
      <trkpt lat="23.948562" lon="104.314004">
        <ele>1547.75</ele>
      </trkpt>
      <trkpt lat="23.94846" lon="104.315225">
        <ele>1546.25</ele>
      </trkpt>
      <trkpt lat="23.948218" lon="104.319297">
        <ele>1540.25</ele>
      </trkpt>
      <trkpt lat="23.947972" lon="104.321969">
        <ele>1536.25</ele>
      </trkpt>
      <trkpt lat="23.948521" lon="104.340931">
        <ele>1509</ele>
      </trkpt>
      <trkpt lat="23.950345" lon="104.379435">
        <ele>1453.25</ele>
      </trkpt>
      <trkpt lat="23.950437" lon="104.385964">
        <ele>1444</ele>
      </trkpt>
      <trkpt lat="23.950237" lon="104.39086">
        <ele>1437.75</ele>
      </trkpt>
      <trkpt lat="23.949944" lon="104.39585">
        <ele>1417.25</ele>
      </trkpt>
      <trkpt lat="23.94964" lon="104.400963">
        <ele>1407.75</ele>
      </trkpt>
      <trkpt lat="23.949462" lon="104.403944">
        <ele>1407.75</ele>
      </trkpt>
      <trkpt lat="23.949037" lon="104.412005">
        <ele>1394</ele>
      </trkpt>
      <trkpt lat="23.948856" lon="104.414074">
        <ele>1390.5</ele>
      </trkpt>
      <trkpt lat="23.948732" lon="104.415659">
        <ele>1388</ele>
      </trkpt>
      <trkpt lat="23.948187" lon="104.419579">
        <ele>1386</ele>
      </trkpt>
      <trkpt lat="23.947153" lon="104.425726">
        <ele>1383</ele>
      </trkpt>
      <trkpt lat="23.946381" lon="104.429569">
        <ele>1381.25</ele>
      </trkpt>
      <trkpt lat="23.946132" lon="104.431125">
        <ele>1381.75</ele>
      </trkpt>
      <trkpt lat="23.945909" lon="104.432761">
        <ele>1382.25</ele>
      </trkpt>
      <trkpt lat="23.945738" lon="104.434748">
        <ele>1382.75</ele>
      </trkpt>
      <trkpt lat="23.945642" lon="104.436708">
        <ele>1383.25</ele>
      </trkpt>
      <trkpt lat="23.9456" lon="104.43852">
        <ele>1383.75</ele>
      </trkpt>
      <trkpt lat="23.945666" lon="104.440672">
        <ele>1384.25</ele>
      </trkpt>
      <trkpt lat="23.945811" lon="104.442802">
        <ele>1384.75</ele>
      </trkpt>
      <trkpt lat="23.946006" lon="104.444804">
        <ele>1385.25</ele>
      </trkpt>
      <trkpt lat="23.959625" lon="104.551649">
        <ele>1413</ele>
      </trkpt>
      <trkpt lat="23.959889" lon="104.554281">
        <ele>1413.75</ele>
      </trkpt>
      <trkpt lat="23.962304" lon="104.578961">
        <ele>1442.25</ele>
      </trkpt>
      <trkpt lat="23.962919" lon="104.585287">
        <ele>1440</ele>
      </trkpt>
      <trkpt lat="23.963094" lon="104.586939">
        <ele>1450.75</ele>
      </trkpt>
      <trkpt lat="23.963804" lon="104.59427">
        <ele>1431</ele>
      </trkpt>
      <trkpt lat="23.964217" lon="104.598646">
        <ele>1433.75</ele>
      </trkpt>
      <trkpt lat="23.964411" lon="104.600972">
        <ele>1439</ele>
      </trkpt>
      <trkpt lat="23.964973" lon="104.606054">
        <ele>1441.75</ele>
      </trkpt>
      <trkpt lat="23.965189" lon="104.607706">
        <ele>1437</ele>
      </trkpt>
      <trkpt lat="23.965649" lon="104.610574">
        <ele>1445.75</ele>
      </trkpt>
      <trkpt lat="23.966026" lon="104.612947">
        <ele>1451</ele>
      </trkpt>
      <trkpt lat="23.967546" lon="104.622105">
        <ele>1440.75</ele>
      </trkpt>
      <trkpt lat="23.968487" lon="104.627661">
        <ele>1445.25</ele>
      </trkpt>
      <trkpt lat="23.969521" lon="104.633703">
        <ele>1445.25</ele>
      </trkpt>
      <trkpt lat="23.969868" lon="104.635632">
        <ele>1445.25</ele>
      </trkpt>
      <trkpt lat="23.970271" lon="104.637608">
        <ele>1445.5</ele>
      </trkpt>
      <trkpt lat="23.970651" lon="104.639313">
        <ele>1445.75</ele>
      </trkpt>
      <trkpt lat="23.971097" lon="104.64111">
        <ele>1446</ele>
      </trkpt>
      <trkpt lat="23.971353" lon="104.642042">
        <ele>1446.25</ele>
      </trkpt>
      <trkpt lat="23.971708" lon="104.64325">
        <ele>1446.25</ele>
      </trkpt>
      <trkpt lat="23.972419" lon="104.645433">
        <ele>1441.5</ele>
      </trkpt>
      <trkpt lat="23.973188" lon="104.647576">
        <ele>1437</ele>
      </trkpt>
      <trkpt lat="23.978669" lon="104.661171">
        <ele>1408</ele>
      </trkpt>
      <trkpt lat="23.979157" lon="104.662453">
        <ele>1405.5</ele>
      </trkpt>
      <trkpt lat="23.979834" lon="104.664176">
        <ele>1405.75</ele>
      </trkpt>
      <trkpt lat="23.98564" lon="104.678601">
        <ele>1391.75</ele>
      </trkpt>
      <trkpt lat="23.985994" lon="104.679519">
        <ele>1389.25</ele>
      </trkpt>
      <trkpt lat="23.990649" lon="104.691307">
        <ele>1397</ele>
      </trkpt>
      <trkpt lat="23.991311" lon="104.692908">
        <ele>1408.5</ele>
      </trkpt>
      <trkpt lat="23.991766" lon="104.693992">
        <ele>1425.5</ele>
      </trkpt>
      <trkpt lat="23.992791" lon="104.69656">
        <ele>1406.75</ele>
      </trkpt>
      <trkpt lat="23.993762" lon="104.699041">
        <ele>1410</ele>
      </trkpt>
      <trkpt lat="23.994659" lon="104.701243">
        <ele>1407.5</ele>
      </trkpt>
      <trkpt lat="23.99749" lon="104.708469">
        <ele>1399.25</ele>
      </trkpt>
      <trkpt lat="23.998513" lon="104.711401">
        <ele>1393.75</ele>
      </trkpt>
      <trkpt lat="24.000739" lon="104.719767">
        <ele>1374.25</ele>
      </trkpt>
      <trkpt lat="24.004392" lon="104.734494">
        <ele>1388.75</ele>
      </trkpt>
      <trkpt lat="24.004665" lon="104.735624">
        <ele>1397.5</ele>
      </trkpt>
      <trkpt lat="24.004952" lon="104.736653">
        <ele>1412.25</ele>
      </trkpt>
      <trkpt lat="24.005752" lon="104.740101">
        <ele>1386.5</ele>
      </trkpt>
      <trkpt lat="24.009106" lon="104.75363">
        <ele>1379.75</ele>
      </trkpt>
      <trkpt lat="24.009861" lon="104.757854">
        <ele>1384.75</ele>
      </trkpt>
      <trkpt lat="24.010999" lon="104.766906">
        <ele>1389</ele>
      </trkpt>
      <trkpt lat="24.01167" lon="104.771492">
        <ele>1380.5</ele>
      </trkpt>
      <trkpt lat="24.012812" lon="104.776207">
        <ele>1384.25</ele>
      </trkpt>
      <trkpt lat="24.014404" lon="104.781229">
        <ele>1374</ele>
      </trkpt>
      <trkpt lat="24.016777" lon="104.78654">
        <ele>1374</ele>
      </trkpt>
      <trkpt lat="24.022422" lon="104.797237">
        <ele>1355</ele>
      </trkpt>
      <trkpt lat="24.029245" lon="104.811039">
        <ele>1331.25</ele>
      </trkpt>
      <trkpt lat="24.032266" lon="104.819374">
        <ele>1317.5</ele>
      </trkpt>
      <trkpt lat="24.0335" lon="104.825068">
        <ele>1308.5</ele>
      </trkpt>
      <trkpt lat="24.033951" lon="104.82743">
        <ele>1305</ele>
      </trkpt>
      <trkpt lat="24.035519" lon="104.835651">
        <ele>1305.25</ele>
      </trkpt>
      <trkpt lat="24.040441" lon="104.864857">
        <ele>1306.5</ele>
      </trkpt>
      <trkpt lat="24.042517" lon="104.879179">
        <ele>1307.25</ele>
      </trkpt>
      <trkpt lat="24.043487" lon="104.886887">
        <ele>1310</ele>
      </trkpt>
      <trkpt lat="24.043546" lon="104.887563">
        <ele>1295.5</ele>
      </trkpt>
      <trkpt lat="24.049107" lon="104.9542">
        <ele>1253</ele>
      </trkpt>
      <trkpt lat="24.049186" lon="104.95543">
        <ele>1249.25</ele>
      </trkpt>
      <trkpt lat="24.049478" lon="104.96314">
        <ele>1230.25</ele>
      </trkpt>
      <trkpt lat="24.049648" lon="104.967458">
        <ele>1237.5</ele>
      </trkpt>
      <trkpt lat="24.050482" lon="104.995329">
        <ele>1237.5</ele>
      </trkpt>
      <trkpt lat="24.050404" lon="104.998648">
        <ele>1241.5</ele>
      </trkpt>
      <trkpt lat="24.050243" lon="105.001497">
        <ele>1245</ele>
      </trkpt>
      <trkpt lat="24.049885" lon="105.004902">
        <ele>1249.5</ele>
      </trkpt>
      <trkpt lat="24.049345" lon="105.008094">
        <ele>1246.75</ele>
      </trkpt>
      <trkpt lat="24.048712" lon="105.010877">
        <ele>1244.25</ele>
      </trkpt>
      <trkpt lat="24.047795" lon="105.014175">
        <ele>1241.25</ele>
      </trkpt>
      <trkpt lat="24.046852" lon="105.017257">
        <ele>1238.5</ele>
      </trkpt>
      <trkpt lat="24.0462" lon="105.019329">
        <ele>1236.75</ele>
      </trkpt>
      <trkpt lat="24.04559" lon="105.021323">
        <ele>1227.5</ele>
      </trkpt>
      <trkpt lat="24.045303" lon="105.022279">
        <ele>1225</ele>
      </trkpt>
      <trkpt lat="24.044868" lon="105.023705">
        <ele>1226.25</ele>
      </trkpt>
      <trkpt lat="24.044677" lon="105.024309">
        <ele>1219</ele>
      </trkpt>
      <trkpt lat="24.044523" lon="105.024816">
        <ele>1214.75</ele>
      </trkpt>
      <trkpt lat="24.043496" lon="105.028179">
        <ele>1227.75</ele>
      </trkpt>
      <trkpt lat="24.043007" lon="105.029785">
        <ele>1224.75</ele>
      </trkpt>
      <trkpt lat="24.042457" lon="105.031581">
        <ele>1219.75</ele>
      </trkpt>
      <trkpt lat="24.041987" lon="105.033132">
        <ele>1224.5</ele>
      </trkpt>
      <trkpt lat="24.041589" lon="105.034443">
        <ele>1227.25</ele>
      </trkpt>
      <trkpt lat="24.039554" lon="105.041">
        <ele>1227.5</ele>
      </trkpt>
      <trkpt lat="24.038866" lon="105.043259">
        <ele>1223.25</ele>
      </trkpt>
      <trkpt lat="24.038783" lon="105.043532">
        <ele>1225.75</ele>
      </trkpt>
      <trkpt lat="24.038557" lon="105.044209">
        <ele>1230.75</ele>
      </trkpt>
      <trkpt lat="24.038277" lon="105.045068">
        <ele>1223.75</ele>
      </trkpt>
      <trkpt lat="24.038057" lon="105.045795">
        <ele>1224.5</ele>
      </trkpt>
      <trkpt lat="24.037901" lon="105.046287">
        <ele>1228.25</ele>
      </trkpt>
      <trkpt lat="24.037073" lon="105.049166">
        <ele>1230.5</ele>
      </trkpt>
      <trkpt lat="24.037073" lon="105.049166">
        <ele>1230.5</ele>
      </trkpt>
      <trkpt lat="24.036996" lon="105.049435">
        <ele>1230.75</ele>
      </trkpt>
      <trkpt lat="24.036037" lon="105.052536">
        <ele>1224.75</ele>
      </trkpt>
      <trkpt lat="24.034885" lon="105.056469">
        <ele>1224.5</ele>
      </trkpt>
      <trkpt lat="24.034787" lon="105.056812">
        <ele>1221.5</ele>
      </trkpt>
      <trkpt lat="24.034595" lon="105.057438">
        <ele>1219.5</ele>
      </trkpt>
      <trkpt lat="24.034549" lon="105.057578">
        <ele>1220</ele>
      </trkpt>
      <trkpt lat="24.034243" lon="105.058322">
        <ele>1224.75</ele>
      </trkpt>
      <trkpt lat="24.03387" lon="105.059454">
        <ele>1227.5</ele>
      </trkpt>
      <trkpt lat="24.032545" lon="105.063853">
        <ele>1229.5</ele>
      </trkpt>
      <trkpt lat="24.032474" lon="105.064077">
        <ele>1230</ele>
      </trkpt>
      <trkpt lat="24.031971" lon="105.065805">
        <ele>1237.5</ele>
      </trkpt>
      <trkpt lat="24.031386" lon="105.067532">
        <ele>1255.25</ele>
      </trkpt>
      <trkpt lat="24.031042" lon="105.068663">
        <ele>1241.75</ele>
      </trkpt>
      <trkpt lat="24.030325" lon="105.070628">
        <ele>1239.75</ele>
      </trkpt>
      <trkpt lat="24.029455" lon="105.072769">
        <ele>1242.25</ele>
      </trkpt>
      <trkpt lat="24.027444" lon="105.076895">
        <ele>1251</ele>
      </trkpt>
      <trkpt lat="24.02492" lon="105.081032">
        <ele>1260.25</ele>
      </trkpt>
      <trkpt lat="24.022177" lon="105.084919">
        <ele>1269.75</ele>
      </trkpt>
      <trkpt lat="24.01926" lon="105.088501">
        <ele>1278.75</ele>
      </trkpt>
      <trkpt lat="24.01561" lon="105.092281">
        <ele>1289.25</ele>
      </trkpt>
      <trkpt lat="24.013677" lon="105.09404">
        <ele>1289.25</ele>
      </trkpt>
      <trkpt lat="24.010906" lon="105.096175">
        <ele>1294</ele>
      </trkpt>
      <trkpt lat="24.008818" lon="105.097641">
        <ele>1292.25</ele>
      </trkpt>
      <trkpt lat="24.007824" lon="105.098335">
        <ele>1291.25</ele>
      </trkpt>
      <trkpt lat="24.007218" lon="105.098708">
        <ele>1290.75</ele>
      </trkpt>
      <trkpt lat="24.006617" lon="105.099019">
        <ele>1290.5</ele>
      </trkpt>
      <trkpt lat="24.005418" lon="105.099657">
        <ele>1290.5</ele>
      </trkpt>
      <trkpt lat="24.002751" lon="105.101196">
        <ele>1299.25</ele>
      </trkpt>
      <trkpt lat="23.997109" lon="105.104112">
        <ele>1302.5</ele>
      </trkpt>
      <trkpt lat="23.992964" lon="105.106253">
        <ele>1298.75</ele>
      </trkpt>
      <trkpt lat="23.98886" lon="105.108362">
        <ele>1280.25</ele>
      </trkpt>
      <trkpt lat="23.986201" lon="105.109756">
        <ele>1275.25</ele>
      </trkpt>
      <trkpt lat="23.969588" lon="105.118665">
        <ele>1245</ele>
      </trkpt>
      <trkpt lat="23.967301" lon="105.120031">
        <ele>1240.5</ele>
      </trkpt>
      <trkpt lat="23.965064" lon="105.12143">
        <ele>1235.75</ele>
      </trkpt>
      <trkpt lat="23.962826" lon="105.123042">
        <ele>1231</ele>
      </trkpt>
      <trkpt lat="23.960853" lon="105.124566">
        <ele>1223.75</ele>
      </trkpt>
      <trkpt lat="23.958031" lon="105.126972">
        <ele>1213</ele>
      </trkpt>
      <trkpt lat="23.955568" lon="105.129397">
        <ele>1203.25</ele>
      </trkpt>
      <trkpt lat="23.95292" lon="105.132079">
        <ele>1196.75</ele>
      </trkpt>
      <trkpt lat="23.936368" lon="105.148892">
        <ele>1157.75</ele>
      </trkpt>
      <trkpt lat="23.93059" lon="105.155094">
        <ele>1143.75</ele>
      </trkpt>
      <trkpt lat="23.924689" lon="105.162407">
        <ele>1128.25</ele>
      </trkpt>
      <trkpt lat="23.919092" lon="105.170313">
        <ele>1112.5</ele>
      </trkpt>
      <trkpt lat="23.913451" lon="105.179116">
        <ele>1095.5</ele>
      </trkpt>
      <trkpt lat="23.909279" lon="105.186329">
        <ele>1083.75</ele>
      </trkpt>
      <trkpt lat="23.897619" lon="105.207145">
        <ele>1050.5</ele>
      </trkpt>
      <trkpt lat="23.894977" lon="105.211681">
        <ele>1043.25</ele>
      </trkpt>
      <trkpt lat="23.892402" lon="105.215856">
        <ele>1036.25</ele>
      </trkpt>
      <trkpt lat="23.869566" lon="105.251112">
        <ele>977.25</ele>
      </trkpt>
      <trkpt lat="23.867704" lon="105.254597">
        <ele>971.75</ele>
      </trkpt>
      <trkpt lat="23.866514" lon="105.257183">
        <ele>967.75</ele>
      </trkpt>
      <trkpt lat="23.865785" lon="105.258851">
        <ele>966.5</ele>
      </trkpt>
      <trkpt lat="23.864359" lon="105.26293">
        <ele>964</ele>
      </trkpt>
      <trkpt lat="23.85624" lon="105.291353">
        <ele>947</ele>
      </trkpt>
      <trkpt lat="23.855484" lon="105.294088">
        <ele>947</ele>
      </trkpt>
      <trkpt lat="23.854921" lon="105.296123">
        <ele>949.25</ele>
      </trkpt>
      <trkpt lat="23.853696" lon="105.300552">
        <ele>947</ele>
      </trkpt>
      <trkpt lat="23.852143" lon="105.306167">
        <ele>950.75</ele>
      </trkpt>
      <trkpt lat="23.851499" lon="105.308443">
        <ele>945.75</ele>
      </trkpt>
      <trkpt lat="23.850103" lon="105.313476">
        <ele>939</ele>
      </trkpt>
      <trkpt lat="23.849778" lon="105.314696">
        <ele>939</ele>
      </trkpt>
      <trkpt lat="23.848023" lon="105.321253">
        <ele>939.25</ele>
      </trkpt>
      <trkpt lat="23.846736" lon="105.327192">
        <ele>939.75</ele>
      </trkpt>
      <trkpt lat="23.845925" lon="105.331453">
        <ele>938</ele>
      </trkpt>
      <trkpt lat="23.832308" lon="105.414033">
        <ele>909</ele>
      </trkpt>
      <trkpt lat="23.821783" lon="105.455704">
        <ele>894</ele>
      </trkpt>
      <trkpt lat="23.816632" lon="105.470354">
        <ele>888.5</ele>
      </trkpt>
      <trkpt lat="23.814566" lon="105.474216">
        <ele>888.75</ele>
      </trkpt>
      <trkpt lat="23.81341" lon="105.476216">
        <ele>907</ele>
      </trkpt>
      <trkpt lat="23.810934" lon="105.479985">
        <ele>909</ele>
      </trkpt>
      <trkpt lat="23.808199" lon="105.484021">
        <ele>911.5</ele>
      </trkpt>
      <trkpt lat="23.804697" lon="105.489171">
        <ele>920.5</ele>
      </trkpt>
      <trkpt lat="23.801181" lon="105.493931">
        <ele>929</ele>
      </trkpt>
      <trkpt lat="23.786589" lon="105.506725">
        <ele>958</ele>
      </trkpt>
      <trkpt lat="23.785812" lon="105.507461">
        <ele>957.25</ele>
      </trkpt>
      <trkpt lat="23.748772" lon="105.533474">
        <ele>925</ele>
      </trkpt>
      <trkpt lat="23.695187" lon="105.563397">
        <ele>873.5</ele>
      </trkpt>
      <trkpt lat="23.694636" lon="105.563705">
        <ele>873</ele>
      </trkpt>
      <trkpt lat="23.693528" lon="105.564494">
        <ele>872</ele>
      </trkpt>
      <trkpt lat="23.692212" lon="105.565651">
        <ele>870.5</ele>
      </trkpt>
      <trkpt lat="23.690581" lon="105.567133">
        <ele>868.75</ele>
      </trkpt>
      <trkpt lat="23.688666" lon="105.569069">
        <ele>866.5</ele>
      </trkpt>
      <trkpt lat="23.686229" lon="105.571873">
        <ele>863.25</ele>
      </trkpt>
      <trkpt lat="23.684972" lon="105.57334">
        <ele>863.25</ele>
      </trkpt>
      <trkpt lat="23.684253" lon="105.57418">
        <ele>863.5</ele>
      </trkpt>
      <trkpt lat="23.683647" lon="105.574937">
        <ele>863.75</ele>
      </trkpt>
      <trkpt lat="23.683374" lon="105.575278">
        <ele>863.75</ele>
      </trkpt>
      <trkpt lat="23.68322" lon="105.575458">
        <ele>862.75</ele>
      </trkpt>
      <trkpt lat="23.682642" lon="105.576132">
        <ele>854.25</ele>
      </trkpt>
      <trkpt lat="23.677546" lon="105.582082">
        <ele>852.5</ele>
      </trkpt>
      <trkpt lat="23.672921" lon="105.587481">
        <ele>874.25</ele>
      </trkpt>
      <trkpt lat="23.672358" lon="105.588138">
        <ele>863.25</ele>
      </trkpt>
      <trkpt lat="23.672146" lon="105.588386">
        <ele>860.5</ele>
      </trkpt>
      <trkpt lat="23.670816" lon="105.589938">
        <ele>850.5</ele>
      </trkpt>
      <trkpt lat="23.668987" lon="105.592094">
        <ele>848.5</ele>
      </trkpt>
      <trkpt lat="23.666769" lon="105.594823">
        <ele>833.75</ele>
      </trkpt>
      <trkpt lat="23.666077" lon="105.595775">
        <ele>834.5</ele>
      </trkpt>
      <trkpt lat="23.663452" lon="105.600092">
        <ele>838.25</ele>
      </trkpt>
      <trkpt lat="23.65986" lon="105.606701">
        <ele>803.75</ele>
      </trkpt>
      <trkpt lat="23.65926" lon="105.608166">
        <ele>796.5</ele>
      </trkpt>
      <trkpt lat="23.65871" lon="105.609655">
        <ele>800.75</ele>
      </trkpt>
      <trkpt lat="23.657934" lon="105.611791">
        <ele>807</ele>
      </trkpt>
      <trkpt lat="23.656868" lon="105.615027">
        <ele>816.25</ele>
      </trkpt>
      <trkpt lat="23.655845" lon="105.620075">
        <ele>830.25</ele>
      </trkpt>
      <trkpt lat="23.655669" lon="105.620834">
        <ele>829.25</ele>
      </trkpt>
      <trkpt lat="23.654273" lon="105.62861">
        <ele>821.25</ele>
      </trkpt>
      <trkpt lat="23.653802" lon="105.645561">
        <ele>803.75</ele>
      </trkpt>
      <trkpt lat="23.653959" lon="105.657492">
        <ele>791.5</ele>
      </trkpt>
      <trkpt lat="23.654902" lon="105.670881">
        <ele>777.75</ele>
      </trkpt>
      <trkpt lat="23.656711" lon="105.684185">
        <ele>763.75</ele>
      </trkpt>
      <trkpt lat="23.661192" lon="105.708046">
        <ele>738.75</ele>
      </trkpt>
      <trkpt lat="23.669053" lon="105.743537">
        <ele>701.25</ele>
      </trkpt>
      <trkpt lat="23.671669" lon="105.752945">
        <ele>691.25</ele>
      </trkpt>
      <trkpt lat="23.6723" lon="105.7563">
        <ele>690.5</ele>
      </trkpt>
      <trkpt lat="23.672689" lon="105.759287">
        <ele>690</ele>
      </trkpt>
      <trkpt lat="23.673121" lon="105.765531">
        <ele>689</ele>
      </trkpt>
      <trkpt lat="23.673545" lon="105.781713">
        <ele>686.5</ele>
      </trkpt>
      <trkpt lat="23.673603" lon="105.783047">
        <ele>686.5</ele>
      </trkpt>
      <trkpt lat="23.674123" lon="105.795593">
        <ele>688</ele>
      </trkpt>
      <trkpt lat="23.674534" lon="105.799859">
        <ele>688.5</ele>
      </trkpt>
      <trkpt lat="23.674762" lon="105.801639">
        <ele>688.75</ele>
      </trkpt>
      <trkpt lat="23.675012" lon="105.803089">
        <ele>688.75</ele>
      </trkpt>
      <trkpt lat="23.692051" lon="105.863236">
        <ele>595</ele>
      </trkpt>
      <trkpt lat="23.692773" lon="105.866565">
        <ele>589.75</ele>
      </trkpt>
      <trkpt lat="23.693257" lon="105.868795">
        <ele>586.25</ele>
      </trkpt>
      <trkpt lat="23.693785" lon="105.871227">
        <ele>586.5</ele>
      </trkpt>
      <trkpt lat="23.69404" lon="105.872401">
        <ele>586.5</ele>
      </trkpt>
      <trkpt lat="23.694673" lon="105.874818">
        <ele>586.5</ele>
      </trkpt>
      <trkpt lat="23.698765" lon="105.888891">
        <ele>587.25</ele>
      </trkpt>
      <trkpt lat="23.707134" lon="105.908761">
        <ele>588</ele>
      </trkpt>
      <trkpt lat="23.730669" lon="105.953007">
        <ele>590.25</ele>
      </trkpt>
      <trkpt lat="23.734213" lon="105.960196">
        <ele>590.5</ele>
      </trkpt>
      <trkpt lat="23.734621" lon="105.960953">
        <ele>590.75</ele>
      </trkpt>
      <trkpt lat="23.759782" lon="106.012112">
        <ele>507.75</ele>
      </trkpt>
      <trkpt lat="23.761801" lon="106.015315">
        <ele>499.5</ele>
      </trkpt>
      <trkpt lat="23.76463" lon="106.019804">
        <ele>491</ele>
      </trkpt>
      <trkpt lat="23.773642" lon="106.032143">
        <ele>467.25</ele>
      </trkpt>
      <trkpt lat="23.809847" lon="106.073513">
        <ele>380.75</ele>
      </trkpt>
      <trkpt lat="23.818282" lon="106.08377">
        <ele>360</ele>
      </trkpt>
      <trkpt lat="23.818908" lon="106.08461">
        <ele>358.5</ele>
      </trkpt>
      <trkpt lat="23.823353" lon="106.090722">
        <ele>348.25</ele>
      </trkpt>
      <trkpt lat="23.83301" lon="106.106687">
        <ele>323.5</ele>
      </trkpt>
      <trkpt lat="23.838104" lon="106.115066">
        <ele>310.5</ele>
      </trkpt>
      <trkpt lat="23.838441" lon="106.115663">
        <ele>309</ele>
      </trkpt>
      <trkpt lat="23.841254" lon="106.12072">
        <ele>297.25</ele>
      </trkpt>
      <trkpt lat="23.844041" lon="106.126814">
        <ele>283.75</ele>
      </trkpt>
      <trkpt lat="23.846592" lon="106.13308">
        <ele>270</ele>
      </trkpt>
      <trkpt lat="23.848358" lon="106.138401">
        <ele>258.75</ele>
      </trkpt>
      <trkpt lat="23.850017" lon="106.143093">
        <ele>249</ele>
      </trkpt>
      <trkpt lat="23.851428" lon="106.147214">
        <ele>249</ele>
      </trkpt>
      <trkpt lat="23.85655" lon="106.161932">
        <ele>280.25</ele>
      </trkpt>
      <trkpt lat="23.856836" lon="106.162849">
        <ele>281</ele>
      </trkpt>
      <trkpt lat="23.87281" lon="106.219254">
        <ele>333.75</ele>
      </trkpt>
      <trkpt lat="23.877048" lon="106.23805">
        <ele>351.25</ele>
      </trkpt>
      <trkpt lat="23.877734" lon="106.244329">
        <ele>357</ele>
      </trkpt>
      <trkpt lat="23.878055" lon="106.247914">
        <ele>357</ele>
      </trkpt>
      <trkpt lat="23.891978" lon="106.363974">
        <ele>338.75</ele>
      </trkpt>
      <trkpt lat="23.893112" lon="106.371119">
        <ele>334</ele>
      </trkpt>
      <trkpt lat="23.894274" lon="106.382203">
        <ele>326.75</ele>
      </trkpt>
      <trkpt lat="23.89447" lon="106.402416">
        <ele>313.5</ele>
      </trkpt>
      <trkpt lat="23.894156" lon="106.415634">
        <ele>305</ele>
      </trkpt>
      <trkpt lat="23.893725" lon="106.425118">
        <ele>299</ele>
      </trkpt>
      <trkpt lat="23.892725" lon="106.441738">
        <ele>288.25</ele>
      </trkpt>
      <trkpt lat="23.892227" lon="106.447531">
        <ele>288.25</ele>
      </trkpt>
      <trkpt lat="23.890733" lon="106.463957">
        <ele>255.75</ele>
      </trkpt>
      <trkpt lat="23.890511" lon="106.467174">
        <ele>248</ele>
      </trkpt>
      <trkpt lat="23.889964" lon="106.473005">
        <ele>248</ele>
      </trkpt>
      <trkpt lat="23.889957" lon="106.474348">
        <ele>245.75</ele>
      </trkpt>
      <trkpt lat="23.898531" lon="106.509962">
        <ele>190.75</ele>
      </trkpt>
      <trkpt lat="23.899081" lon="106.511786">
        <ele>187.75</ele>
      </trkpt>
      <trkpt lat="23.900217" lon="106.514269">
        <ele>183.5</ele>
      </trkpt>
      <trkpt lat="23.902259" lon="106.517773">
        <ele>183.75</ele>
      </trkpt>
      <trkpt lat="23.903386" lon="106.519736">
        <ele>202</ele>
      </trkpt>
      <trkpt lat="23.903782" lon="106.520426">
        <ele>208</ele>
      </trkpt>
      <trkpt lat="23.905156" lon="106.522819">
        <ele>201.75</ele>
      </trkpt>
      <trkpt lat="23.905413" lon="106.523265">
        <ele>202.25</ele>
      </trkpt>
      <trkpt lat="23.909291" lon="106.5301">
        <ele>195.5</ele>
      </trkpt>
      <trkpt lat="23.910345" lon="106.531949">
        <ele>191.5</ele>
      </trkpt>
      <trkpt lat="23.911855" lon="106.534591">
        <ele>187.5</ele>
      </trkpt>
      <trkpt lat="23.913161" lon="106.536928">
        <ele>198.75</ele>
      </trkpt>
      <trkpt lat="23.914876" lon="106.539891">
        <ele>187.25</ele>
      </trkpt>
      <trkpt lat="23.915483" lon="106.54094">
        <ele>179</ele>
      </trkpt>
      <trkpt lat="23.918429" lon="106.546146">
        <ele>172.75</ele>
      </trkpt>
      <trkpt lat="23.919237" lon="106.547508">
        <ele>158.25</ele>
      </trkpt>
      <trkpt lat="23.922019" lon="106.552196">
        <ele>180.75</ele>
      </trkpt>
      <trkpt lat="23.926236" lon="106.559652">
        <ele>186.25</ele>
      </trkpt>
      <trkpt lat="23.927008" lon="106.561043">
        <ele>186</ele>
      </trkpt>
      <trkpt lat="23.927582" lon="106.562362">
        <ele>185.75</ele>
      </trkpt>
      <trkpt lat="23.928445" lon="106.564572">
        <ele>185.75</ele>
      </trkpt>
      <trkpt lat="23.929269" lon="106.567211">
        <ele>185.5</ele>
      </trkpt>
      <trkpt lat="23.930093" lon="106.570258">
        <ele>185</ele>
      </trkpt>
      <trkpt lat="23.930642" lon="106.57382">
        <ele>184.75</ele>
      </trkpt>
      <trkpt lat="23.930916" lon="106.576181">
        <ele>184.5</ele>
      </trkpt>
      <trkpt lat="23.931522" lon="106.585499">
        <ele>183.75</ele>
      </trkpt>
      <trkpt lat="23.931623" lon="106.58987">
        <ele>183.25</ele>
      </trkpt>
      <trkpt lat="23.931387" lon="106.59472">
        <ele>183</ele>
      </trkpt>
      <trkpt lat="23.931034" lon="106.601501">
        <ele>182.25</ele>
      </trkpt>
      <trkpt lat="23.930289" lon="106.60768">
        <ele>181.75</ele>
      </trkpt>
      <trkpt lat="23.929544" lon="106.611586">
        <ele>181.5</ele>
      </trkpt>
      <trkpt lat="23.928759" lon="106.614075">
        <ele>181.25</ele>
      </trkpt>
      <trkpt lat="23.927305" lon="106.61717">
        <ele>180.75</ele>
      </trkpt>
      <trkpt lat="23.924727" lon="106.621374">
        <ele>180.5</ele>
      </trkpt>
      <trkpt lat="23.92327" lon="106.62346">
        <ele>179</ele>
      </trkpt>
      <trkpt lat="23.920672" lon="106.626615">
        <ele>177</ele>
      </trkpt>
      <trkpt lat="23.919782" lon="106.62761">
        <ele>176.5</ele>
      </trkpt>
      <trkpt lat="23.919487" lon="106.627881">
        <ele>176.5</ele>
      </trkpt>
      <trkpt lat="23.918438" lon="106.629013">
        <ele>184.5</ele>
      </trkpt>
      <trkpt lat="23.918207" lon="106.629243">
        <ele>185.25</ele>
      </trkpt>
      <trkpt lat="23.916783" lon="106.630639">
        <ele>181.75</ele>
      </trkpt>
      <trkpt lat="23.916437" lon="106.631008">
        <ele>186.75</ele>
      </trkpt>
      <trkpt lat="23.914336" lon="106.633012">
        <ele>196.5</ele>
      </trkpt>
      <trkpt lat="23.913944" lon="106.633381">
        <ele>189.5</ele>
      </trkpt>
      <trkpt lat="23.911608" lon="106.635574">
        <ele>188.75</ele>
      </trkpt>
      <trkpt lat="23.911234" lon="106.635941">
        <ele>175.75</ele>
      </trkpt>
      <trkpt lat="23.910637" lon="106.636532">
        <ele>173.75</ele>
      </trkpt>
      <trkpt lat="23.910431" lon="106.636729">
        <ele>177.75</ele>
      </trkpt>
      <trkpt lat="23.90848" lon="106.638594">
        <ele>198</ele>
      </trkpt>
      <trkpt lat="23.908454" lon="106.638621">
        <ele>196.5</ele>
      </trkpt>
      <trkpt lat="23.907458" lon="106.639649">
        <ele>176.75</ele>
      </trkpt>
      <trkpt lat="23.906315" lon="106.640812">
        <ele>165.25</ele>
      </trkpt>
      <trkpt lat="23.906183" lon="106.640949">
        <ele>169</ele>
      </trkpt>
      <trkpt lat="23.903512" lon="106.643624">
        <ele>180</ele>
      </trkpt>
      <trkpt lat="23.902941" lon="106.644169">
        <ele>176.5</ele>
      </trkpt>
      <trkpt lat="23.901411" lon="106.645949">
        <ele>173.75</ele>
      </trkpt>
      <trkpt lat="23.900928" lon="106.646451">
        <ele>171</ele>
      </trkpt>
      <trkpt lat="23.900442" lon="106.647021">
        <ele>171</ele>
      </trkpt>
      <trkpt lat="23.899873" lon="106.64772">
        <ele>163</ele>
      </trkpt>
      <trkpt lat="23.899309" lon="106.64845">
        <ele>151.5</ele>
      </trkpt>
      <trkpt lat="23.898751" lon="106.649101">
        <ele>146</ele>
      </trkpt>
      <trkpt lat="23.898197" lon="106.649724">
        <ele>146.75</ele>
      </trkpt>
      <trkpt lat="23.89668" lon="106.651534">
        <ele>139.75</ele>
      </trkpt>
      <trkpt lat="23.896219" lon="106.652054">
        <ele>142</ele>
      </trkpt>
      <trkpt lat="23.895769" lon="106.652641">
        <ele>146.25</ele>
      </trkpt>
      <trkpt lat="23.894986" lon="106.653567">
        <ele>146</ele>
      </trkpt>
      <trkpt lat="23.894581" lon="106.654025">
        <ele>148</ele>
      </trkpt>
      <trkpt lat="23.893877" lon="106.654824">
        <ele>149.25</ele>
      </trkpt>
      <trkpt lat="23.893633" lon="106.655107">
        <ele>149.75</ele>
      </trkpt>
      <trkpt lat="23.892269" lon="106.656716">
        <ele>149.25</ele>
      </trkpt>
      <trkpt lat="23.891793" lon="106.657265">
        <ele>148.75</ele>
      </trkpt>
      <trkpt lat="23.891318" lon="106.657813">
        <ele>149</ele>
      </trkpt>
      <trkpt lat="23.890555" lon="106.658709">
        <ele>149.25</ele>
      </trkpt>
      <trkpt lat="23.886918" lon="106.662998">
        <ele>146.5</ele>
      </trkpt>
      <trkpt lat="23.885883" lon="106.664196">
        <ele>145.25</ele>
      </trkpt>
      <trkpt lat="23.884796" lon="106.665462">
        <ele>147.5</ele>
      </trkpt>
      <trkpt lat="23.884239" lon="106.666111">
        <ele>149.25</ele>
      </trkpt>
      <trkpt lat="23.883307" lon="106.667088">
        <ele>148.25</ele>
      </trkpt>
      <trkpt lat="23.882713" lon="106.667796">
        <ele>147.25</ele>
      </trkpt>
      <trkpt lat="23.88245" lon="106.668111">
        <ele>147</ele>
      </trkpt>
      <trkpt lat="23.878695" lon="106.672512">
        <ele>149.25</ele>
      </trkpt>
      <trkpt lat="23.876904" lon="106.674701">
        <ele>160.5</ele>
      </trkpt>
      <trkpt lat="23.875708" lon="106.676307">
        <ele>171.25</ele>
      </trkpt>
      <trkpt lat="23.873933" lon="106.679105">
        <ele>173.75</ele>
      </trkpt>
      <trkpt lat="23.871057" lon="106.684385">
        <ele>185.25</ele>
      </trkpt>
      <trkpt lat="23.86941" lon="106.688261">
        <ele>190.75</ele>
      </trkpt>
      <trkpt lat="23.86933" lon="106.688486">
        <ele>186</ele>
      </trkpt>
      <trkpt lat="23.869038" lon="106.68922">
        <ele>182.75</ele>
      </trkpt>
      <trkpt lat="23.868755" lon="106.689949">
        <ele>193.75</ele>
      </trkpt>
      <trkpt lat="23.867708" lon="106.693203">
        <ele>198.75</ele>
      </trkpt>
      <trkpt lat="23.867419" lon="106.694041">
        <ele>198.25</ele>
      </trkpt>
      <trkpt lat="23.866038" lon="106.698417">
        <ele>195.75</ele>
      </trkpt>
      <trkpt lat="23.864373" lon="106.702789">
        <ele>193.25</ele>
      </trkpt>
      <trkpt lat="23.851186" lon="106.727813">
        <ele>178.25</ele>
      </trkpt>
      <trkpt lat="23.851084" lon="106.72797">
        <ele>178.25</ele>
      </trkpt>
      <trkpt lat="23.850559" lon="106.728845">
        <ele>180.75</ele>
      </trkpt>
      <trkpt lat="23.850053" lon="106.729751">
        <ele>195.5</ele>
      </trkpt>
      <trkpt lat="23.825487" lon="106.797444">
        <ele>170.5</ele>
      </trkpt>
      <trkpt lat="23.825439" lon="106.797599">
        <ele>169.75</ele>
      </trkpt>
      <trkpt lat="23.824778" lon="106.799744">
        <ele>160.5</ele>
      </trkpt>
      <trkpt lat="23.824572" lon="106.800621">
        <ele>156.75</ele>
      </trkpt>
      <trkpt lat="23.823952" lon="106.803272">
        <ele>157</ele>
      </trkpt>
      <trkpt lat="23.823565" lon="106.805849">
        <ele>153</ele>
      </trkpt>
      <trkpt lat="23.822921" lon="106.812646">
        <ele>146.75</ele>
      </trkpt>
      <trkpt lat="23.822664" lon="106.818898">
        <ele>131.5</ele>
      </trkpt>
      <trkpt lat="23.82242" lon="106.823307">
        <ele>136.5</ele>
      </trkpt>
      <trkpt lat="23.822283" lon="106.824725">
        <ele>136.5</ele>
      </trkpt>
      <trkpt lat="23.821959" lon="106.827263">
        <ele>136.75</ele>
      </trkpt>
      <trkpt lat="23.821333" lon="106.830611">
        <ele>137</ele>
      </trkpt>
      <trkpt lat="23.820821" lon="106.833308">
        <ele>137.5</ele>
      </trkpt>
      <trkpt lat="23.820056" lon="106.83598">
        <ele>137.75</ele>
      </trkpt>
      <trkpt lat="23.819383" lon="106.838152">
        <ele>138</ele>
      </trkpt>
      <trkpt lat="23.818566" lon="106.840296">
        <ele>138.25</ele>
      </trkpt>
      <trkpt lat="23.817233" lon="106.843495">
        <ele>138.5</ele>
      </trkpt>
      <trkpt lat="23.815711" lon="106.846849">
        <ele>138.75</ele>
      </trkpt>
      <trkpt lat="23.810407" lon="106.858168">
        <ele>140.25</ele>
      </trkpt>
      <trkpt lat="23.809369" lon="106.86066">
        <ele>140.25</ele>
      </trkpt>
      <trkpt lat="23.808031" lon="106.864059">
        <ele>141.25</ele>
      </trkpt>
      <trkpt lat="23.806235" lon="106.868701">
        <ele>145.5</ele>
      </trkpt>
      <trkpt lat="23.805518" lon="106.870558">
        <ele>147</ele>
      </trkpt>
      <trkpt lat="23.804489" lon="106.872562">
        <ele>149</ele>
      </trkpt>
      <trkpt lat="23.803334" lon="106.874785">
        <ele>151.25</ele>
      </trkpt>
      <trkpt lat="23.802246" lon="106.876674">
        <ele>153</ele>
      </trkpt>
      <trkpt lat="23.80138" lon="106.878263">
        <ele>153.25</ele>
      </trkpt>
      <trkpt lat="23.799923" lon="106.880415">
        <ele>152</ele>
      </trkpt>
      <trkpt lat="23.799113" lon="106.881612">
        <ele>151.5</ele>
      </trkpt>
      <trkpt lat="23.796072" lon="106.885234">
        <ele>149.5</ele>
      </trkpt>
      <trkpt lat="23.792143" lon="106.889255">
        <ele>147.25</ele>
      </trkpt>
      <trkpt lat="23.787051" lon="106.894022">
        <ele>144.5</ele>
      </trkpt>
      <trkpt lat="23.783645" lon="106.897657">
        <ele>142.5</ele>
      </trkpt>
      <trkpt lat="23.781003" lon="106.90118">
        <ele>140.75</ele>
      </trkpt>
      <trkpt lat="23.778382" lon="106.905052">
        <ele>138.75</ele>
      </trkpt>
      <trkpt lat="23.773842" lon="106.91495">
        <ele>134.5</ele>
      </trkpt>
      <trkpt lat="23.773199" lon="106.91708">
        <ele>133.75</ele>
      </trkpt>
      <trkpt lat="23.772525" lon="106.919314">
        <ele>133.75</ele>
      </trkpt>
      <trkpt lat="23.770766" lon="106.92738">
        <ele>139.75</ele>
      </trkpt>
      <trkpt lat="23.768462" lon="106.937677">
        <ele>135.5</ele>
      </trkpt>
      <trkpt lat="23.768436" lon="106.937792">
        <ele>136.25</ele>
      </trkpt>
      <trkpt lat="23.768172" lon="106.938973">
        <ele>149.25</ele>
      </trkpt>
      <trkpt lat="23.767653" lon="106.941348">
        <ele>141</ele>
      </trkpt>
      <trkpt lat="23.767387" lon="106.942563">
        <ele>149.5</ele>
      </trkpt>
      <trkpt lat="23.766432" lon="106.946931">
        <ele>159</ele>
      </trkpt>
      <trkpt lat="23.766195" lon="106.948014">
        <ele>158</ele>
      </trkpt>
      <trkpt lat="23.765761" lon="106.951394">
        <ele>158.5</ele>
      </trkpt>
      <trkpt lat="23.765511" lon="106.953348">
        <ele>154.75</ele>
      </trkpt>
      <trkpt lat="23.764348" lon="106.990604">
        <ele>166.5</ele>
      </trkpt>
      <trkpt lat="23.764356" lon="106.991392">
        <ele>157.25</ele>
      </trkpt>
      <trkpt lat="23.764354" lon="106.991665">
        <ele>156.25</ele>
      </trkpt>
      <trkpt lat="23.764324" lon="106.991961">
        <ele>163.5</ele>
      </trkpt>
      <trkpt lat="23.763877" lon="107.004391">
        <ele>185.5</ele>
      </trkpt>
      <trkpt lat="23.762868" lon="107.011703">
        <ele>188.75</ele>
      </trkpt>
      <trkpt lat="23.762315" lon="107.01401">
        <ele>180</ele>
      </trkpt>
      <trkpt lat="23.761983" lon="107.015274">
        <ele>176.75</ele>
      </trkpt>
      <trkpt lat="23.756619" lon="107.029042">
        <ele>184</ele>
      </trkpt>
      <trkpt lat="23.755209" lon="107.031839">
        <ele>207.5</ele>
      </trkpt>
      <trkpt lat="23.754252" lon="107.033737">
        <ele>192</ele>
      </trkpt>
      <trkpt lat="23.752691" lon="107.036521">
        <ele>197.75</ele>
      </trkpt>
      <trkpt lat="23.750237" lon="107.041523">
        <ele>208</ele>
      </trkpt>
      <trkpt lat="23.747219" lon="107.047674">
        <ele>190.75</ele>
      </trkpt>
      <trkpt lat="23.744155" lon="107.053407">
        <ele>205.25</ele>
      </trkpt>
      <trkpt lat="23.741358" lon="107.05988">
        <ele>178.5</ele>
      </trkpt>
      <trkpt lat="23.738423" lon="107.067755">
        <ele>203.75</ele>
      </trkpt>
      <trkpt lat="23.735142" lon="107.076313">
        <ele>183.25</ele>
      </trkpt>
      <trkpt lat="23.734106" lon="107.078712">
        <ele>205.25</ele>
      </trkpt>
      <trkpt lat="23.732262" lon="107.082424">
        <ele>186.25</ele>
      </trkpt>
      <trkpt lat="23.730687" lon="107.085209">
        <ele>190.5</ele>
      </trkpt>
      <trkpt lat="23.72932" lon="107.087314">
        <ele>194</ele>
      </trkpt>
      <trkpt lat="23.728222" lon="107.08883">
        <ele>196.75</ele>
      </trkpt>
      <trkpt lat="23.727165" lon="107.090163">
        <ele>192.75</ele>
      </trkpt>
      <trkpt lat="23.725611" lon="107.091987">
        <ele>187.5</ele>
      </trkpt>
      <trkpt lat="23.724845" lon="107.093162">
        <ele>184.5</ele>
      </trkpt>
      <trkpt lat="23.723122" lon="107.094927">
        <ele>183.75</ele>
      </trkpt>
      <trkpt lat="23.716739" lon="107.101237">
        <ele>181</ele>
      </trkpt>
      <trkpt lat="23.714192" lon="107.103767">
        <ele>180</ele>
      </trkpt>
      <trkpt lat="23.712867" lon="107.105083">
        <ele>180</ele>
      </trkpt>
      <trkpt lat="23.706817" lon="107.111379">
        <ele>193</ele>
      </trkpt>
      <trkpt lat="23.706158" lon="107.112285">
        <ele>191.25</ele>
      </trkpt>
      <trkpt lat="23.703832" lon="107.115368">
        <ele>189.5</ele>
      </trkpt>
      <trkpt lat="23.699476" lon="107.121659">
        <ele>174.75</ele>
      </trkpt>
      <trkpt lat="23.69664" lon="107.125453">
        <ele>176.25</ele>
      </trkpt>
      <trkpt lat="23.695592" lon="107.126754">
        <ele>176.75</ele>
      </trkpt>
      <trkpt lat="23.693935" lon="107.128702">
        <ele>169.25</ele>
      </trkpt>
      <trkpt lat="23.688988" lon="107.134544">
        <ele>151.75</ele>
      </trkpt>
      <trkpt lat="23.686043" lon="107.137913">
        <ele>161.25</ele>
      </trkpt>
      <trkpt lat="23.684648" lon="107.139568">
        <ele>165.25</ele>
      </trkpt>
      <trkpt lat="23.684524" lon="107.139717">
        <ele>165.75</ele>
      </trkpt>
      <trkpt lat="23.681925" lon="107.142727">
        <ele>169.5</ele>
      </trkpt>
      <trkpt lat="23.681655" lon="107.143022">
        <ele>170</ele>
      </trkpt>
      <trkpt lat="23.679923" lon="107.145085">
        <ele>172.5</ele>
      </trkpt>
      <trkpt lat="23.675236" lon="107.150564">
        <ele>179.75</ele>
      </trkpt>
      <trkpt lat="23.665293" lon="107.162187">
        <ele>179.75</ele>
      </trkpt>
      <trkpt lat="23.66097" lon="107.167594">
        <ele>184</ele>
      </trkpt>
      <trkpt lat="23.658192" lon="107.171585">
        <ele>175.75</ele>
      </trkpt>
      <trkpt lat="23.657765" lon="107.172219">
        <ele>174.5</ele>
      </trkpt>
      <trkpt lat="23.655543" lon="107.175962">
        <ele>167</ele>
      </trkpt>
      <trkpt lat="23.653718" lon="107.179364">
        <ele>160.75</ele>
      </trkpt>
      <trkpt lat="23.652499" lon="107.181696">
        <ele>160.75</ele>
      </trkpt>
      <trkpt lat="23.652359" lon="107.181948">
        <ele>160.75</ele>
      </trkpt>
      <trkpt lat="23.647598" lon="107.191053">
        <ele>156.25</ele>
      </trkpt>
      <trkpt lat="23.643926" lon="107.197298">
        <ele>143.75</ele>
      </trkpt>
      <trkpt lat="23.640863" lon="107.201246">
        <ele>141.5</ele>
      </trkpt>
      <trkpt lat="23.63625" lon="107.20604">
        <ele>147.75</ele>
      </trkpt>
      <trkpt lat="23.628388" lon="107.21299">
        <ele>143.5</ele>
      </trkpt>
      <trkpt lat="23.623756" lon="107.217542">
        <ele>147.75</ele>
      </trkpt>
      <trkpt lat="23.616318" lon="107.226668">
        <ele>129.5</ele>
      </trkpt>
      <trkpt lat="23.612935" lon="107.230911">
        <ele>137.75</ele>
      </trkpt>
      <trkpt lat="23.610531" lon="107.233926">
        <ele>143.75</ele>
      </trkpt>
      <trkpt lat="23.60994" lon="107.23464">
        <ele>145.25</ele>
      </trkpt>
      <trkpt lat="23.603231" lon="107.242823">
        <ele>145.25</ele>
      </trkpt>
      <trkpt lat="23.596686" lon="107.249556">
        <ele>137</ele>
      </trkpt>
      <trkpt lat="23.593311" lon="107.253027">
        <ele>132.75</ele>
      </trkpt>
      <trkpt lat="23.591175" lon="107.255448">
        <ele>130</ele>
      </trkpt>
      <trkpt lat="23.58963" lon="107.257329">
        <ele>127.75</ele>
      </trkpt>
      <trkpt lat="23.588291" lon="107.259128">
        <ele>126</ele>
      </trkpt>
      <trkpt lat="23.586959" lon="107.261125">
        <ele>124</ele>
      </trkpt>
      <trkpt lat="23.585653" lon="107.263053">
        <ele>124</ele>
      </trkpt>
      <trkpt lat="23.584793" lon="107.264356">
        <ele>118.75</ele>
      </trkpt>
      <trkpt lat="23.58416" lon="107.265216">
        <ele>134</ele>
      </trkpt>
      <trkpt lat="23.58322" lon="107.266531">
        <ele>138.75</ele>
      </trkpt>
      <trkpt lat="23.582805" lon="107.267093">
        <ele>140</ele>
      </trkpt>
      <trkpt lat="23.581397" lon="107.269">
        <ele>140.75</ele>
      </trkpt>
      <trkpt lat="23.580897" lon="107.269677">
        <ele>141</ele>
      </trkpt>
      <trkpt lat="23.580265" lon="107.270533">
        <ele>140</ele>
      </trkpt>
      <trkpt lat="23.579879" lon="107.271045">
        <ele>139.25</ele>
      </trkpt>
      <trkpt lat="23.577017" lon="107.274147">
        <ele>135.5</ele>
      </trkpt>
      <trkpt lat="23.574765" lon="107.276343">
        <ele>132.5</ele>
      </trkpt>
      <trkpt lat="23.57395" lon="107.277006">
        <ele>131.75</ele>
      </trkpt>
      <trkpt lat="23.571353" lon="107.279122">
        <ele>131.75</ele>
      </trkpt>
      <trkpt lat="23.5669" lon="107.282833">
        <ele>126.25</ele>
      </trkpt>
      <trkpt lat="23.563254" lon="107.28601">
        <ele>121</ele>
      </trkpt>
      <trkpt lat="23.560319" lon="107.288592">
        <ele>123.5</ele>
      </trkpt>
      <trkpt lat="23.553853" lon="107.293964">
        <ele>113.75</ele>
      </trkpt>
      <trkpt lat="23.54972" lon="107.298564">
        <ele>123</ele>
      </trkpt>
      <trkpt lat="23.544221" lon="107.305887">
        <ele>113</ele>
      </trkpt>
      <trkpt lat="23.54337" lon="107.307042">
        <ele>127.75</ele>
      </trkpt>
      <trkpt lat="23.541845" lon="107.309165">
        <ele>130.5</ele>
      </trkpt>
      <trkpt lat="23.540802" lon="107.310547">
        <ele>131.75</ele>
      </trkpt>
      <trkpt lat="23.54022" lon="107.311364">
        <ele>130.5</ele>
      </trkpt>
      <trkpt lat="23.539728" lon="107.312046">
        <ele>130.25</ele>
      </trkpt>
      <trkpt lat="23.536077" lon="107.316631">
        <ele>129.25</ele>
      </trkpt>
      <trkpt lat="23.535009" lon="107.31787">
        <ele>129</ele>
      </trkpt>
      <trkpt lat="23.53416" lon="107.318741">
        <ele>129</ele>
      </trkpt>
      <trkpt lat="23.531564" lon="107.321352">
        <ele>128.5</ele>
      </trkpt>
      <trkpt lat="23.530962" lon="107.321968">
        <ele>122</ele>
      </trkpt>
      <trkpt lat="23.524808" lon="107.326922">
        <ele>134.5</ele>
      </trkpt>
      <trkpt lat="23.520033" lon="107.330008">
        <ele>134</ele>
      </trkpt>
      <trkpt lat="23.516414" lon="107.332431">
        <ele>139</ele>
      </trkpt>
      <trkpt lat="23.516017" lon="107.332698">
        <ele>133.75</ele>
      </trkpt>
      <trkpt lat="23.515095" lon="107.333236">
        <ele>122.25</ele>
      </trkpt>
      <trkpt lat="23.514516" lon="107.333586">
        <ele>119.25</ele>
      </trkpt>
      <trkpt lat="23.511731" lon="107.335341">
        <ele>118.25</ele>
      </trkpt>
      <trkpt lat="23.501895" lon="107.341591">
        <ele>120.5</ele>
      </trkpt>
      <trkpt lat="23.49868" lon="107.344151">
        <ele>118.75</ele>
      </trkpt>
      <trkpt lat="23.496297" lon="107.346316">
        <ele>124.75</ele>
      </trkpt>
      <trkpt lat="23.494799" lon="107.347676">
        <ele>127.5</ele>
      </trkpt>
      <trkpt lat="23.493488" lon="107.349048">
        <ele>130</ele>
      </trkpt>
      <trkpt lat="23.492063" lon="107.350914">
        <ele>133.25</ele>
      </trkpt>
      <trkpt lat="23.48147" lon="107.360132">
        <ele>153.25</ele>
      </trkpt>
      <trkpt lat="23.480841" lon="107.360727">
        <ele>153.25</ele>
      </trkpt>
      <trkpt lat="23.477676" lon="107.363604">
        <ele>158</ele>
      </trkpt>
      <trkpt lat="23.477083" lon="107.364174">
        <ele>161</ele>
      </trkpt>
      <trkpt lat="23.474769" lon="107.366493">
        <ele>158</ele>
      </trkpt>
      <trkpt lat="23.473526" lon="107.367937">
        <ele>148</ele>
      </trkpt>
      <trkpt lat="23.47269" lon="107.36894">
        <ele>160.5</ele>
      </trkpt>
      <trkpt lat="23.471702" lon="107.370163">
        <ele>167.25</ele>
      </trkpt>
      <trkpt lat="23.469701" lon="107.372871">
        <ele>158.75</ele>
      </trkpt>
      <trkpt lat="23.467451" lon="107.376483">
        <ele>145.25</ele>
      </trkpt>
      <trkpt lat="23.464972" lon="107.381032">
        <ele>128.75</ele>
      </trkpt>
      <trkpt lat="23.461791" lon="107.386812">
        <ele>129.25</ele>
      </trkpt>
      <trkpt lat="23.460665" lon="107.388716">
        <ele>129.5</ele>
      </trkpt>
      <trkpt lat="23.459641" lon="107.390283">
        <ele>129.75</ele>
      </trkpt>
      <trkpt lat="23.425178" lon="107.435255">
        <ele>136</ele>
      </trkpt>
      <trkpt lat="23.417631" lon="107.443907">
        <ele>137.25</ele>
      </trkpt>
      <trkpt lat="23.417337" lon="107.444202">
        <ele>137.25</ele>
      </trkpt>
      <trkpt lat="23.415267" lon="107.446282">
        <ele>128.75</ele>
      </trkpt>
      <trkpt lat="23.410194" lon="107.45138">
        <ele>133.5</ele>
      </trkpt>
      <trkpt lat="23.408934" lon="107.452886">
        <ele>131.5</ele>
      </trkpt>
      <trkpt lat="23.405826" lon="107.457014">
        <ele>140.25</ele>
      </trkpt>
      <trkpt lat="23.405373" lon="107.457741">
        <ele>124.75</ele>
      </trkpt>
      <trkpt lat="23.40517" lon="107.458046">
        <ele>122.25</ele>
      </trkpt>
      <trkpt lat="23.401302" lon="107.464076">
        <ele>126.5</ele>
      </trkpt>
      <trkpt lat="23.399437" lon="107.467104">
        <ele>125</ele>
      </trkpt>
      <trkpt lat="23.398616" lon="107.468247">
        <ele>120.5</ele>
      </trkpt>
      <trkpt lat="23.396423" lon="107.471083">
        <ele>126.25</ele>
      </trkpt>
      <trkpt lat="23.395639" lon="107.471994">
        <ele>128.5</ele>
      </trkpt>
      <trkpt lat="23.39437" lon="107.473433">
        <ele>131.5</ele>
      </trkpt>
      <trkpt lat="23.393214" lon="107.474603">
        <ele>134.5</ele>
      </trkpt>
      <trkpt lat="23.391872" lon="107.475847">
        <ele>134.5</ele>
      </trkpt>
      <trkpt lat="23.390345" lon="107.477185">
        <ele>137.5</ele>
      </trkpt>
      <trkpt lat="23.385633" lon="107.481027">
        <ele>127</ele>
      </trkpt>
      <trkpt lat="23.384558" lon="107.481904">
        <ele>130.5</ele>
      </trkpt>
      <trkpt lat="23.381412" lon="107.484688">
        <ele>115.25</ele>
      </trkpt>
      <trkpt lat="23.377212" lon="107.488703">
        <ele>114.75</ele>
      </trkpt>
      <trkpt lat="23.373947" lon="107.492032">
        <ele>121.25</ele>
      </trkpt>
      <trkpt lat="23.373472" lon="107.492506">
        <ele>122.25</ele>
      </trkpt>
      <trkpt lat="23.371868" lon="107.494261">
        <ele>115</ele>
      </trkpt>
      <trkpt lat="23.370829" lon="107.495361">
        <ele>113.75</ele>
      </trkpt>
      <trkpt lat="23.367368" lon="107.49967">
        <ele>122.75</ele>
      </trkpt>
      <trkpt lat="23.362053" lon="107.506558">
        <ele>117.5</ele>
      </trkpt>
      <trkpt lat="23.356075" lon="107.514208">
        <ele>115</ele>
      </trkpt>
      <trkpt lat="23.347774" lon="107.525156">
        <ele>109.25</ele>
      </trkpt>
      <trkpt lat="23.346656" lon="107.526883">
        <ele>111.5</ele>
      </trkpt>
      <trkpt lat="23.345124" lon="107.529544">
        <ele>118.25</ele>
      </trkpt>
      <trkpt lat="23.342993" lon="107.533536">
        <ele>121.75</ele>
      </trkpt>
      <trkpt lat="23.341545" lon="107.536424">
        <ele>127.25</ele>
      </trkpt>
      <trkpt lat="23.34079" lon="107.537927">
        <ele>130.25</ele>
      </trkpt>
      <trkpt lat="23.340133" lon="107.539103">
        <ele>132.5</ele>
      </trkpt>
      <trkpt lat="23.339477" lon="107.540108">
        <ele>134.75</ele>
      </trkpt>
      <trkpt lat="23.339359" lon="107.540318">
        <ele>134.75</ele>
      </trkpt>
      <trkpt lat="23.336774" lon="107.544048">
        <ele>129.5</ele>
      </trkpt>
      <trkpt lat="23.336014" lon="107.545072">
        <ele>129.25</ele>
      </trkpt>
      <trkpt lat="23.334854" lon="107.546634">
        <ele>111.75</ele>
      </trkpt>
      <trkpt lat="23.332009" lon="107.549667">
        <ele>105</ele>
      </trkpt>
      <trkpt lat="23.331425" lon="107.550224">
        <ele>103.5</ele>
      </trkpt>
      <trkpt lat="23.329398" lon="107.552084">
        <ele>103.25</ele>
      </trkpt>
      <trkpt lat="23.321755" lon="107.558085">
        <ele>102</ele>
      </trkpt>
      <trkpt lat="23.319167" lon="107.560104">
        <ele>105.25</ele>
      </trkpt>
      <trkpt lat="23.315468" lon="107.562988">
        <ele>108</ele>
      </trkpt>
      <trkpt lat="23.31393" lon="107.564207">
        <ele>111.5</ele>
      </trkpt>
      <trkpt lat="23.306492" lon="107.570098">
        <ele>106.25</ele>
      </trkpt>
      <trkpt lat="23.299785" lon="107.576426">
        <ele>104.5</ele>
      </trkpt>
      <trkpt lat="23.298796" lon="107.577354">
        <ele>106.25</ele>
      </trkpt>
      <trkpt lat="23.292512" lon="107.584096">
        <ele>113.75</ele>
      </trkpt>
      <trkpt lat="23.28395" lon="107.59414">
        <ele>116.75</ele>
      </trkpt>
      <trkpt lat="23.283829" lon="107.594254">
        <ele>116.5</ele>
      </trkpt>
      <trkpt lat="23.281052" lon="107.597211">
        <ele>114.5</ele>
      </trkpt>
      <trkpt lat="23.274655" lon="107.603909">
        <ele>106</ele>
      </trkpt>
      <trkpt lat="23.271925" lon="107.606759">
        <ele>106.75</ele>
      </trkpt>
      <trkpt lat="23.269891" lon="107.609125">
        <ele>110.5</ele>
      </trkpt>
      <trkpt lat="23.260906" lon="107.618488">
        <ele>113</ele>
      </trkpt>
      <trkpt lat="23.257159" lon="107.622169">
        <ele>110.75</ele>
      </trkpt>
      <trkpt lat="23.254636" lon="107.624359">
        <ele>112.75</ele>
      </trkpt>
      <trkpt lat="23.251303" lon="107.626848">
        <ele>104.75</ele>
      </trkpt>
      <trkpt lat="23.246845" lon="107.629435">
        <ele>103.25</ele>
      </trkpt>
      <trkpt lat="23.244189" lon="107.630707">
        <ele>103.25</ele>
      </trkpt>
      <trkpt lat="23.241753" lon="107.6317">
        <ele>108.5</ele>
      </trkpt>
      <trkpt lat="23.240776" lon="107.632025">
        <ele>109.5</ele>
      </trkpt>
      <trkpt lat="23.238367" lon="107.632828">
        <ele>112</ele>
      </trkpt>
      <trkpt lat="23.23645" lon="107.633368">
        <ele>114.25</ele>
      </trkpt>
      <trkpt lat="23.234652" lon="107.633777">
        <ele>116</ele>
      </trkpt>
      <trkpt lat="23.22719" lon="107.635041">
        <ele>124</ele>
      </trkpt>
      <trkpt lat="23.222664" lon="107.63573">
        <ele>128.75</ele>
      </trkpt>
      <trkpt lat="23.218844" lon="107.636403">
        <ele>132.75</ele>
      </trkpt>
      <trkpt lat="23.218655" lon="107.636436">
        <ele>133</ele>
      </trkpt>
      <trkpt lat="23.21499" lon="107.637007">
        <ele>167</ele>
      </trkpt>
      <trkpt lat="23.214231" lon="107.637197">
        <ele>173.25</ele>
      </trkpt>
      <trkpt lat="23.211629" lon="107.638158">
        <ele>150.5</ele>
      </trkpt>
      <trkpt lat="23.208667" lon="107.639174">
        <ele>119.5</ele>
      </trkpt>
      <trkpt lat="23.206228" lon="107.640203">
        <ele>158.75</ele>
      </trkpt>
      <trkpt lat="23.203427" lon="107.641625">
        <ele>157.25</ele>
      </trkpt>
      <trkpt lat="23.202307" lon="107.642181">
        <ele>164.25</ele>
      </trkpt>
      <trkpt lat="23.200664" lon="107.64309">
        <ele>132</ele>
      </trkpt>
      <trkpt lat="23.19871" lon="107.644328">
        <ele>146.25</ele>
      </trkpt>
      <trkpt lat="23.195349" lon="107.646717">
        <ele>138</ele>
      </trkpt>
      <trkpt lat="23.193357" lon="107.64818">
        <ele>133</ele>
      </trkpt>
      <trkpt lat="23.189784" lon="107.650861">
        <ele>164</ele>
      </trkpt>
      <trkpt lat="23.188223" lon="107.651977">
        <ele>161.25</ele>
      </trkpt>
      <trkpt lat="23.187144" lon="107.652748">
        <ele>139</ele>
      </trkpt>
      <trkpt lat="23.186293" lon="107.653357">
        <ele>139.25</ele>
      </trkpt>
      <trkpt lat="23.185306" lon="107.654062">
        <ele>162.75</ele>
      </trkpt>
      <trkpt lat="23.183408" lon="107.655457">
        <ele>146.75</ele>
      </trkpt>
      <trkpt lat="23.182366" lon="107.656248">
        <ele>143</ele>
      </trkpt>
      <trkpt lat="23.161121" lon="107.675031">
        <ele>131.5</ele>
      </trkpt>
      <trkpt lat="23.160874" lon="107.675298">
        <ele>131.75</ele>
      </trkpt>
      <trkpt lat="23.160641" lon="107.675548">
        <ele>130.75</ele>
      </trkpt>
      <trkpt lat="23.160223" lon="107.675998">
        <ele>131.75</ele>
      </trkpt>
      <trkpt lat="23.15851" lon="107.677671">
        <ele>115.75</ele>
      </trkpt>
      <trkpt lat="23.157752" lon="107.678558">
        <ele>124.75</ele>
      </trkpt>
      <trkpt lat="23.150233" lon="107.686565">
        <ele>117.25</ele>
      </trkpt>
      <trkpt lat="23.148888" lon="107.688193">
        <ele>107.5</ele>
      </trkpt>
      <trkpt lat="23.14758" lon="107.689854">
        <ele>102.75</ele>
      </trkpt>
      <trkpt lat="23.141664" lon="107.697645">
        <ele>99</ele>
      </trkpt>
      <trkpt lat="23.140631" lon="107.699006">
        <ele>100.5</ele>
      </trkpt>
      <trkpt lat="23.13566" lon="107.705552">
        <ele>99.75</ele>
      </trkpt>
      <trkpt lat="23.134314" lon="107.707324">
        <ele>95.5</ele>
      </trkpt>
      <trkpt lat="23.102649" lon="107.749017">
        <ele>98.75</ele>
      </trkpt>
      <trkpt lat="23.101692" lon="107.750251">
        <ele>93.5</ele>
      </trkpt>
      <trkpt lat="23.100704" lon="107.75145">
        <ele>95.25</ele>
      </trkpt>
      <trkpt lat="23.099674" lon="107.752616">
        <ele>102.5</ele>
      </trkpt>
      <trkpt lat="23.098633" lon="107.753765">
        <ele>114</ele>
      </trkpt>
      <trkpt lat="23.097831" lon="107.754634">
        <ele>114</ele>
      </trkpt>
      <trkpt lat="23.09634" lon="107.756023">
        <ele>96.75</ele>
      </trkpt>
      <trkpt lat="23.085248" lon="107.766552">
        <ele>109</ele>
      </trkpt>
      <trkpt lat="23.080943" lon="107.770613">
        <ele>108.5</ele>
      </trkpt>
      <trkpt lat="23.078686" lon="107.772725">
        <ele>97.5</ele>
      </trkpt>
      <trkpt lat="23.074244" lon="107.776832">
        <ele>97.5</ele>
      </trkpt>
      <trkpt lat="23.074044" lon="107.777016">
        <ele>97.25</ele>
      </trkpt>
      <trkpt lat="23.072586" lon="107.778347">
        <ele>102.25</ele>
      </trkpt>
      <trkpt lat="23.068223" lon="107.782574">
        <ele>89</ele>
      </trkpt>
      <trkpt lat="23.067374" lon="107.78326">
        <ele>89</ele>
      </trkpt>
      <trkpt lat="23.065972" lon="107.784612">
        <ele>91.5</ele>
      </trkpt>
      <trkpt lat="23.06452" lon="107.785805">
        <ele>89.5</ele>
      </trkpt>
      <trkpt lat="23.063307" lon="107.78679">
        <ele>89.25</ele>
      </trkpt>
      <trkpt lat="23.061826" lon="107.787906">
        <ele>89</ele>
      </trkpt>
      <trkpt lat="23.058648" lon="107.789987">
        <ele>89.5</ele>
      </trkpt>
      <trkpt lat="23.055114" lon="107.792122">
        <ele>91.25</ele>
      </trkpt>
      <trkpt lat="23.052724" lon="107.793659">
        <ele>91.5</ele>
      </trkpt>
      <trkpt lat="23.046317" lon="107.797551">
        <ele>92.25</ele>
      </trkpt>
      <trkpt lat="23.042558" lon="107.799792">
        <ele>90</ele>
      </trkpt>
      <trkpt lat="23.040364" lon="107.80106">
        <ele>94.5</ele>
      </trkpt>
      <trkpt lat="23.039081" lon="107.801864">
        <ele>100</ele>
      </trkpt>
      <trkpt lat="23.037751" lon="107.802679">
        <ele>106.5</ele>
      </trkpt>
      <trkpt lat="23.034223" lon="107.805018">
        <ele>103.5</ele>
      </trkpt>
      <trkpt lat="23.032386" lon="107.80636">
        <ele>105.75</ele>
      </trkpt>
      <trkpt lat="23.030126" lon="107.808195">
        <ele>97.5</ele>
      </trkpt>
      <trkpt lat="23.024438" lon="107.813516">
        <ele>88.25</ele>
      </trkpt>
      <trkpt lat="23.020943" lon="107.816777">
        <ele>86</ele>
      </trkpt>
      <trkpt lat="23.017831" lon="107.819713">
        <ele>86.25</ele>
      </trkpt>
      <trkpt lat="23.011524" lon="107.826563">
        <ele>90.75</ele>
      </trkpt>
      <trkpt lat="23.005746" lon="107.832784">
        <ele>95.5</ele>
      </trkpt>
      <trkpt lat="23.002703" lon="107.836078">
        <ele>91.25</ele>
      </trkpt>
      <trkpt lat="22.999573" lon="107.839505">
        <ele>94.25</ele>
      </trkpt>
      <trkpt lat="22.964073" lon="107.87773">
        <ele>96.25</ele>
      </trkpt>
      <trkpt lat="22.955331" lon="107.887131">
        <ele>93.5</ele>
      </trkpt>
      <trkpt lat="22.951676" lon="107.890704">
        <ele>98</ele>
      </trkpt>
      <trkpt lat="22.94856" lon="107.893673">
        <ele>104.25</ele>
      </trkpt>
      <trkpt lat="22.935638" lon="107.905836">
        <ele>106.25</ele>
      </trkpt>
      <trkpt lat="22.933338" lon="107.908015">
        <ele>107</ele>
      </trkpt>
      <trkpt lat="22.931042" lon="107.910325">
        <ele>109.5</ele>
      </trkpt>
      <trkpt lat="22.930339" lon="107.911078">
        <ele>109.25</ele>
      </trkpt>
      <trkpt lat="22.929613" lon="107.911899">
        <ele>109.75</ele>
      </trkpt>
      <trkpt lat="22.928131" lon="107.913696">
        <ele>117</ele>
      </trkpt>
      <trkpt lat="22.926441" lon="107.915987">
        <ele>119.5</ele>
      </trkpt>
      <trkpt lat="22.925289" lon="107.91758">
        <ele>113</ele>
      </trkpt>
      <trkpt lat="22.924578" lon="107.918696">
        <ele>118.75</ele>
      </trkpt>
      <trkpt lat="22.922281" lon="107.922381">
        <ele>112.5</ele>
      </trkpt>
      <trkpt lat="22.919265" lon="107.927341">
        <ele>120.75</ele>
      </trkpt>
      <trkpt lat="22.919044" lon="107.927705">
        <ele>123</ele>
      </trkpt>
      <trkpt lat="22.907807" lon="107.946253">
        <ele>99</ele>
      </trkpt>
      <trkpt lat="22.903826" lon="107.952551">
        <ele>95.75</ele>
      </trkpt>
      <trkpt lat="22.902472" lon="107.954568">
        <ele>105.5</ele>
      </trkpt>
      <trkpt lat="22.900958" lon="107.956689">
        <ele>98.25</ele>
      </trkpt>
      <trkpt lat="22.899243" lon="107.959083">
        <ele>95.75</ele>
      </trkpt>
      <trkpt lat="22.897856" lon="107.961068">
        <ele>94</ele>
      </trkpt>
      <trkpt lat="22.897565" lon="107.961449">
        <ele>89.75</ele>
      </trkpt>
      <trkpt lat="22.896194" lon="107.963353">
        <ele>86.25</ele>
      </trkpt>
      <trkpt lat="22.895348" lon="107.9646">
        <ele>87</ele>
      </trkpt>
      <trkpt lat="22.894825" lon="107.965361">
        <ele>88.25</ele>
      </trkpt>
      <trkpt lat="22.894297" lon="107.966108">
        <ele>87</ele>
      </trkpt>
      <trkpt lat="22.8937" lon="107.966927">
        <ele>87</ele>
      </trkpt>
      <trkpt lat="22.893313" lon="107.967444">
        <ele>87</ele>
      </trkpt>
      <trkpt lat="22.892856" lon="107.968069">
        <ele>86.75</ele>
      </trkpt>
      <trkpt lat="22.892494" lon="107.968559">
        <ele>86.25</ele>
      </trkpt>
      <trkpt lat="22.889764" lon="107.972396">
        <ele>84.25</ele>
      </trkpt>
      <trkpt lat="22.889079" lon="107.973375">
        <ele>84</ele>
      </trkpt>
      <trkpt lat="22.888525" lon="107.974141">
        <ele>84.5</ele>
      </trkpt>
      <trkpt lat="22.887825" lon="107.975122">
        <ele>83.75</ele>
      </trkpt>
      <trkpt lat="22.886914" lon="107.976405">
        <ele>82.5</ele>
      </trkpt>
      <trkpt lat="22.885901" lon="107.977843">
        <ele>83.5</ele>
      </trkpt>
      <trkpt lat="22.88583" lon="107.977943">
        <ele>83.25</ele>
      </trkpt>
      <trkpt lat="22.885423" lon="107.97851">
        <ele>83</ele>
      </trkpt>
      <trkpt lat="22.884096" lon="107.980418">
        <ele>83</ele>
      </trkpt>
      <trkpt lat="22.88202" lon="107.983352">
        <ele>86.5</ele>
      </trkpt>
      <trkpt lat="22.874816" lon="107.993484">
        <ele>86.75</ele>
      </trkpt>
      <trkpt lat="22.870619" lon="107.999254">
        <ele>87</ele>
      </trkpt>
      <trkpt lat="22.868442" lon="108.001937">
        <ele>87</ele>
      </trkpt>
      <trkpt lat="22.858065" lon="108.013386">
        <ele>87.75</ele>
      </trkpt>
      <trkpt lat="22.848722" lon="108.02352">
        <ele>88</ele>
      </trkpt>
      <trkpt lat="22.846597" lon="108.025568">
        <ele>88.25</ele>
      </trkpt>
      <trkpt lat="22.844931" lon="108.027018">
        <ele>88.25</ele>
      </trkpt>
      <trkpt lat="22.84179" lon="108.02952">
        <ele>88.5</ele>
      </trkpt>
      <trkpt lat="22.837384" lon="108.032849">
        <ele>88.5</ele>
      </trkpt>
      <trkpt lat="22.828335" lon="108.039642">
        <ele>89</ele>
      </trkpt>
      <trkpt lat="22.825751" lon="108.041724">
        <ele>89</ele>
      </trkpt>
      <trkpt lat="22.824322" lon="108.042983">
        <ele>89</ele>
      </trkpt>
      <trkpt lat="22.822401" lon="108.04485">
        <ele>89.25</ele>
      </trkpt>
      <trkpt lat="22.820287" lon="108.047095">
        <ele>89.25</ele>
      </trkpt>
      <trkpt lat="22.818914" lon="108.048726">
        <ele>89.25</ele>
      </trkpt>
      <trkpt lat="22.81741" lon="108.050604">
        <ele>89.5</ele>
      </trkpt>
      <trkpt lat="22.814599" lon="108.05462">
        <ele>96.75</ele>
      </trkpt>
      <trkpt lat="22.812921" lon="108.057517">
        <ele>98</ele>
      </trkpt>
      <trkpt lat="22.80726" lon="108.068014">
        <ele>102.5</ele>
      </trkpt>
      <trkpt lat="22.797992" lon="108.085513">
        <ele>94.75</ele>
      </trkpt>
      <trkpt lat="22.796515" lon="108.088444">
        <ele>93.5</ele>
      </trkpt>
      <trkpt lat="22.793234" lon="108.095657">
        <ele>90.5</ele>
      </trkpt>
      <trkpt lat="22.792157" lon="108.098044">
        <ele>90.5</ele>
      </trkpt>
      <trkpt lat="22.791347" lon="108.099775">
        <ele>104</ele>
      </trkpt>
      <trkpt lat="22.787312" lon="108.107022">
        <ele>110</ele>
      </trkpt>
      <trkpt lat="22.784526" lon="108.111095">
        <ele>94.25</ele>
      </trkpt>
      <trkpt lat="22.784061" lon="108.111774">
        <ele>92.75</ele>
      </trkpt>
      <trkpt lat="22.783752" lon="108.112228">
        <ele>92.25</ele>
      </trkpt>
      <trkpt lat="22.782866" lon="108.1134">
        <ele>91.5</ele>
      </trkpt>
      <trkpt lat="22.779186" lon="108.118733">
        <ele>88.5</ele>
      </trkpt>
      <trkpt lat="22.776927" lon="108.121916">
        <ele>86.5</ele>
      </trkpt>
      <trkpt lat="22.769896" lon="108.131781">
        <ele>80.5</ele>
      </trkpt>
      <trkpt lat="22.768704" lon="108.133453">
        <ele>80.5</ele>
      </trkpt>
      <trkpt lat="22.766424" lon="108.136704">
        <ele>83.5</ele>
      </trkpt>
      <trkpt lat="22.765424" lon="108.138317">
        <ele>86.5</ele>
      </trkpt>
      <trkpt lat="22.764599" lon="108.139874">
        <ele>82.5</ele>
      </trkpt>
      <trkpt lat="22.763586" lon="108.141933">
        <ele>81.25</ele>
      </trkpt>
      <trkpt lat="22.762923" lon="108.143901">
        <ele>84.75</ele>
      </trkpt>
      <trkpt lat="22.76216" lon="108.146123">
        <ele>86.75</ele>
      </trkpt>
      <trkpt lat="22.761419" lon="108.148891">
        <ele>85.25</ele>
      </trkpt>
      <trkpt lat="22.760303" lon="108.152968">
        <ele>90.75</ele>
      </trkpt>
      <trkpt lat="22.759416" lon="108.156096">
        <ele>85.5</ele>
      </trkpt>
      <trkpt lat="22.758569" lon="108.159254">
        <ele>86.5</ele>
      </trkpt>
      <trkpt lat="22.758416" lon="108.159872">
        <ele>87.25</ele>
      </trkpt>
      <trkpt lat="22.757935" lon="108.162485">
        <ele>85.5</ele>
      </trkpt>
      <trkpt lat="22.757752" lon="108.163674">
        <ele>85.5</ele>
      </trkpt>
      <trkpt lat="22.757633" lon="108.164836">
        <ele>85.5</ele>
      </trkpt>
      <trkpt lat="22.757566" lon="108.165918">
        <ele>85.5</ele>
      </trkpt>
      <trkpt lat="22.75755" lon="108.167612">
        <ele>85.5</ele>
      </trkpt>
      <trkpt lat="22.757611" lon="108.168885">
        <ele>85.5</ele>
      </trkpt>
      <trkpt lat="22.757707" lon="108.169995">
        <ele>85.5</ele>
      </trkpt>
      <trkpt lat="22.757847" lon="108.171141">
        <ele>85.5</ele>
      </trkpt>
      <trkpt lat="22.758038" lon="108.172376">
        <ele>85.5</ele>
      </trkpt>
      <trkpt lat="22.75822" lon="108.173274">
        <ele>85.5</ele>
      </trkpt>
      <trkpt lat="22.758594" lon="108.174656">
        <ele>85.5</ele>
      </trkpt>
      <trkpt lat="22.759307" lon="108.176909">
        <ele>85.5</ele>
      </trkpt>
      <trkpt lat="22.759757" lon="108.178116">
        <ele>85.5</ele>
      </trkpt>
      <trkpt lat="22.760271" lon="108.17913">
        <ele>85.5</ele>
      </trkpt>
      <trkpt lat="22.761093" lon="108.181062">
        <ele>85.5</ele>
      </trkpt>
      <trkpt lat="22.762648" lon="108.184406">
        <ele>85.5</ele>
      </trkpt>
      <trkpt lat="22.763552" lon="108.186268">
        <ele>85.5</ele>
      </trkpt>
      <trkpt lat="22.764628" lon="108.188562">
        <ele>85.5</ele>
      </trkpt>
      <trkpt lat="22.765143" lon="108.189705">
        <ele>85.5</ele>
      </trkpt>
      <trkpt lat="22.76573" lon="108.191192">
        <ele>85.5</ele>
      </trkpt>
      <trkpt lat="22.766295" lon="108.192793">
        <ele>85.5</ele>
      </trkpt>
      <trkpt lat="22.766752" lon="108.194188">
        <ele>85.5</ele>
      </trkpt>
      <trkpt lat="22.767713" lon="108.19736">
        <ele>85.5</ele>
      </trkpt>
      <trkpt lat="22.768591" lon="108.200425">
        <ele>85.5</ele>
      </trkpt>
      <trkpt lat="22.769528" lon="108.203737">
        <ele>85.5</ele>
      </trkpt>
      <trkpt lat="22.770363" lon="108.206666">
        <ele>87</ele>
      </trkpt>
      <trkpt lat="22.771445" lon="108.210432">
        <ele>89</ele>
      </trkpt>
      <trkpt lat="22.771664" lon="108.21115">
        <ele>89.5</ele>
      </trkpt>
      <trkpt lat="22.771915" lon="108.212036">
        <ele>89.5</ele>
      </trkpt>
      <trkpt lat="22.772178" lon="108.213102">
        <ele>90</ele>
      </trkpt>
      <trkpt lat="22.772487" lon="108.214265">
        <ele>87.75</ele>
      </trkpt>
      <trkpt lat="22.772741" lon="108.215354">
        <ele>85.75</ele>
      </trkpt>
      <trkpt lat="22.773041" lon="108.216518">
        <ele>83.25</ele>
      </trkpt>
      <trkpt lat="22.773328" lon="108.217843">
        <ele>85.25</ele>
      </trkpt>
      <trkpt lat="22.773825" lon="108.220025">
        <ele>86.25</ele>
      </trkpt>
      <trkpt lat="22.774248" lon="108.221902">
        <ele>85.5</ele>
      </trkpt>
      <trkpt lat="22.774896" lon="108.224512">
        <ele>84</ele>
      </trkpt>
      <trkpt lat="22.775296" lon="108.225912">
        <ele>85.5</ele>
      </trkpt>
      <trkpt lat="22.775783" lon="108.227254">
        <ele>82.5</ele>
      </trkpt>
      <trkpt lat="22.776484" lon="108.228903">
        <ele>82.5</ele>
      </trkpt>
      <trkpt lat="22.776884" lon="108.229722">
        <ele>83.5</ele>
      </trkpt>
      <trkpt lat="22.777959" lon="108.231592">
        <ele>85</ele>
      </trkpt>
      <trkpt lat="22.779201" lon="108.233432">
        <ele>86.5</ele>
      </trkpt>
      <trkpt lat="22.78163" lon="108.236951">
        <ele>89.5</ele>
      </trkpt>
      <trkpt lat="22.783305" lon="108.239514">
        <ele>91.75</ele>
      </trkpt>
      <trkpt lat="22.784305" lon="108.24128">
        <ele>93.25</ele>
      </trkpt>
      <trkpt lat="22.784889" lon="108.242535">
        <ele>94</ele>
      </trkpt>
      <trkpt lat="22.78571" lon="108.244418">
        <ele>95.5</ele>
      </trkpt>
      <trkpt lat="22.786795" lon="108.246655">
        <ele>97.25</ele>
      </trkpt>
      <trkpt lat="22.78743" lon="108.248037">
        <ele>98.5</ele>
      </trkpt>
      <trkpt lat="22.788079" lon="108.249879">
        <ele>99.75</ele>
      </trkpt>
      <trkpt lat="22.788413" lon="108.250939">
        <ele>100.5</ele>
      </trkpt>
      <trkpt lat="22.788713" lon="108.252027">
        <ele>101.25</ele>
      </trkpt>
      <trkpt lat="22.789006" lon="108.253557">
        <ele>102.5</ele>
      </trkpt>
      <trkpt lat="22.789234" lon="108.255476">
        <ele>103.75</ele>
      </trkpt>
      <trkpt lat="22.789332" lon="108.257064">
        <ele>104.75</ele>
      </trkpt>
      <trkpt lat="22.789364" lon="108.258732">
        <ele>106</ele>
      </trkpt>
      <trkpt lat="22.789342" lon="108.260344">
        <ele>107.25</ele>
      </trkpt>
      <trkpt lat="22.789317" lon="108.262058">
        <ele>104.5</ele>
      </trkpt>
      <trkpt lat="22.789321" lon="108.264097">
        <ele>101.5</ele>
      </trkpt>
      <trkpt lat="22.789372" lon="108.265938">
        <ele>99</ele>
      </trkpt>
      <trkpt lat="22.789482" lon="108.267115">
        <ele>97.25</ele>
      </trkpt>
      <trkpt lat="22.789667" lon="108.268315">
        <ele>95.5</ele>
      </trkpt>
      <trkpt lat="22.789958" lon="108.269743">
        <ele>95.5</ele>
      </trkpt>
      <trkpt lat="22.790079" lon="108.270214">
        <ele>93</ele>
      </trkpt>
      <trkpt lat="22.790892" lon="108.272982">
        <ele>89.5</ele>
      </trkpt>
      <trkpt lat="22.791068" lon="108.273723">
        <ele>91.5</ele>
      </trkpt>
      <trkpt lat="22.791192" lon="108.2741">
        <ele>91.25</ele>
      </trkpt>
      <trkpt lat="22.791269" lon="108.274462">
        <ele>90.5</ele>
      </trkpt>
      <trkpt lat="22.791398" lon="108.274775">
        <ele>89</ele>
      </trkpt>
      <trkpt lat="22.793564" lon="108.281955">
        <ele>86.75</ele>
      </trkpt>
      <trkpt lat="22.793631" lon="108.282176">
        <ele>87.75</ele>
      </trkpt>
      <trkpt lat="22.794125" lon="108.283731">
        <ele>84.75</ele>
      </trkpt>
      <trkpt lat="22.794435" lon="108.28468">
        <ele>84.25</ele>
      </trkpt>
      <trkpt lat="22.794657" lon="108.285295">
        <ele>84</ele>
      </trkpt>
      <trkpt lat="22.79478" lon="108.285566">
        <ele>83.75</ele>
      </trkpt>
      <trkpt lat="22.795016" lon="108.285967">
        <ele>83.5</ele>
      </trkpt>
      <trkpt lat="22.795252" lon="108.286322">
        <ele>83.5</ele>
      </trkpt>
      <trkpt lat="22.795675" lon="108.286783">
        <ele>83.25</ele>
      </trkpt>
      <trkpt lat="22.796034" lon="108.287109">
        <ele>83</ele>
      </trkpt>
      <trkpt lat="22.796443" lon="108.287397">
        <ele>82.75</ele>
      </trkpt>
      <trkpt lat="22.796856" lon="108.28762">
        <ele>82.5</ele>
      </trkpt>
      <trkpt lat="22.797285" lon="108.287801">
        <ele>82.25</ele>
      </trkpt>
      <trkpt lat="22.798216" lon="108.288083">
        <ele>82</ele>
      </trkpt>
      <trkpt lat="22.805627" lon="108.29018">
        <ele>78.5</ele>
      </trkpt>
      <trkpt lat="22.80755" lon="108.290719">
        <ele>77.75</ele>
      </trkpt>
      <trkpt lat="22.808754" lon="108.291171">
        <ele>77</ele>
      </trkpt>
      <trkpt lat="22.809688" lon="108.291572">
        <ele>76.75</ele>
      </trkpt>
      <trkpt lat="22.811298" lon="108.292221">
        <ele>76.75</ele>
      </trkpt>
      <trkpt lat="22.812108" lon="108.292497">
        <ele>77.5</ele>
      </trkpt>
      <trkpt lat="22.813797" lon="108.292979">
        <ele>78.25</ele>
      </trkpt>
      <trkpt lat="22.814237" lon="108.293103">
        <ele>78.25</ele>
      </trkpt>
      <trkpt lat="22.81516" lon="108.293361">
        <ele>77.5</ele>
      </trkpt>
      <trkpt lat="22.816273" lon="108.293686">
        <ele>76.5</ele>
      </trkpt>
      <trkpt lat="22.818673" lon="108.294363">
        <ele>80</ele>
      </trkpt>
      <trkpt lat="22.819847" lon="108.294686">
        <ele>82</ele>
      </trkpt>
      <trkpt lat="22.820105" lon="108.294751">
        <ele>82.25</ele>
      </trkpt>
      <trkpt lat="22.820261" lon="108.294796">
        <ele>81.75</ele>
      </trkpt>
      <trkpt lat="22.820581" lon="108.294906">
        <ele>80.25</ele>
      </trkpt>
      <trkpt lat="22.820768" lon="108.294987">
        <ele>79.25</ele>
      </trkpt>
      <trkpt lat="22.821081" lon="108.295158">
        <ele>80.5</ele>
      </trkpt>
      <trkpt lat="22.821417" lon="108.295402">
        <ele>81.75</ele>
      </trkpt>
      <trkpt lat="22.821645" lon="108.295599">
        <ele>81.75</ele>
      </trkpt>
      <trkpt lat="22.821811" lon="108.295792">
        <ele>79.75</ele>
      </trkpt>
      <trkpt lat="22.821943" lon="108.295977">
        <ele>78</ele>
      </trkpt>
      <trkpt lat="22.822068" lon="108.29614">
        <ele>76.5</ele>
      </trkpt>
      <trkpt lat="22.82232" lon="108.296631">
        <ele>76.5</ele>
      </trkpt>
      <trkpt lat="22.823007" lon="108.297932">
        <ele>80.75</ele>
      </trkpt>
      <trkpt lat="22.823458" lon="108.298791">
        <ele>80.5</ele>
      </trkpt>
      <trkpt lat="22.823672" lon="108.299198">
        <ele>79.5</ele>
      </trkpt>
      <trkpt lat="22.825786" lon="108.303235">
        <ele>80.75</ele>
      </trkpt>
      <trkpt lat="22.826354" lon="108.304326">
        <ele>78.75</ele>
      </trkpt>
      <trkpt lat="22.827316" lon="108.306096">
        <ele>79.5</ele>
      </trkpt>
      <trkpt lat="22.827596" lon="108.306604">
        <ele>80.5</ele>
      </trkpt>
      <trkpt lat="22.828001" lon="108.307341">
        <ele>80.5</ele>
      </trkpt>
      <trkpt lat="22.828415" lon="108.308142">
        <ele>81.75</ele>
      </trkpt>
      <trkpt lat="22.829904" lon="108.310975">
        <ele>82.25</ele>
      </trkpt>
      <trkpt lat="22.83168" lon="108.314356">
        <ele>80</ele>
      </trkpt>
      <trkpt lat="22.831866" lon="108.314712">
        <ele>80.5</ele>
      </trkpt>
      <trkpt lat="22.832419" lon="108.315783">
        <ele>79</ele>
      </trkpt>
      <trkpt lat="22.832711" lon="108.316332">
        <ele>78.25</ele>
      </trkpt>
      <trkpt lat="22.833451" lon="108.317753">
        <ele>78.75</ele>
      </trkpt>
      <trkpt lat="22.833931" lon="108.318759">
        <ele>79.25</ele>
      </trkpt>
      <trkpt lat="22.835483" lon="108.321722">
        <ele>81.25</ele>
      </trkpt>
      <trkpt lat="22.836155" lon="108.323027">
        <ele>78.5</ele>
      </trkpt>
      <trkpt lat="22.836396" lon="108.323488">
        <ele>77.75</ele>
      </trkpt>
      <trkpt lat="22.836852" lon="108.324358">
        <ele>80.5</ele>
      </trkpt>
      <trkpt lat="22.836946" lon="108.324555">
        <ele>81.25</ele>
      </trkpt>
      <trkpt lat="22.837064" lon="108.324848">
        <ele>82.25</ele>
      </trkpt>
      <trkpt lat="22.837119" lon="108.32502">
        <ele>82.75</ele>
      </trkpt>
      <trkpt lat="22.837208" lon="108.325416">
        <ele>82.75</ele>
      </trkpt>
      <trkpt lat="22.837251" lon="108.325666">
        <ele>82.5</ele>
      </trkpt>
      <trkpt lat="22.837284" lon="108.326065">
        <ele>83.25</ele>
      </trkpt>
      <trkpt lat="22.837284" lon="108.326337">
        <ele>84.25</ele>
      </trkpt>
      <trkpt lat="22.837274" lon="108.326619">
        <ele>85.5</ele>
      </trkpt>
      <trkpt lat="22.83724" lon="108.326905">
        <ele>87.75</ele>
      </trkpt>
      <trkpt lat="22.837213" lon="108.327065">
        <ele>89.25</ele>
      </trkpt>
      <trkpt lat="22.837166" lon="108.327274">
        <ele>91</ele>
      </trkpt>
      <trkpt lat="22.83711" lon="108.32748">
        <ele>93</ele>
      </trkpt>
      <trkpt lat="22.837028" lon="108.327732">
        <ele>93</ele>
      </trkpt>
      <trkpt lat="22.836938" lon="108.32795">
        <ele>95.25</ele>
      </trkpt>
      <trkpt lat="22.836837" lon="108.328174">
        <ele>97.25</ele>
      </trkpt>
      <trkpt lat="22.836731" lon="108.328362">
        <ele>98.75</ele>
      </trkpt>
      <trkpt lat="22.836603" lon="108.328561">
        <ele>100</ele>
      </trkpt>
      <trkpt lat="22.836463" lon="108.32875">
        <ele>100.75</ele>
      </trkpt>
      <trkpt lat="22.836306" lon="108.328938">
        <ele>101</ele>
      </trkpt>
      <trkpt lat="22.836084" lon="108.329169">
        <ele>100</ele>
      </trkpt>
      <trkpt lat="22.835808" lon="108.329445">
        <ele>99.75</ele>
      </trkpt>
      <trkpt lat="22.835488" lon="108.329787">
        <ele>101.25</ele>
      </trkpt>
      <trkpt lat="22.834833" lon="108.330421">
        <ele>96.25</ele>
      </trkpt>
      <trkpt lat="22.832121" lon="108.333144">
        <ele>89</ele>
      </trkpt>
      <trkpt lat="22.831913" lon="108.333377">
        <ele>89.25</ele>
      </trkpt>
      <trkpt lat="22.83169" lon="108.333648">
        <ele>88.5</ele>
      </trkpt>
      <trkpt lat="22.831551" lon="108.333835">
        <ele>88</ele>
      </trkpt>
      <trkpt lat="22.831417" lon="108.334021">
        <ele>87</ele>
      </trkpt>
      <trkpt lat="22.831295" lon="108.334212">
        <ele>86.25</ele>
      </trkpt>
      <trkpt lat="22.83113" lon="108.334504">
        <ele>86.25</ele>
      </trkpt>
      <trkpt lat="22.83101" lon="108.334736">
        <ele>85.75</ele>
      </trkpt>
      <trkpt lat="22.830858" lon="108.33506">
        <ele>85.75</ele>
      </trkpt>
      <trkpt lat="22.830724" lon="108.335429">
        <ele>85.75</ele>
      </trkpt>
      <trkpt lat="22.830653" lon="108.335671">
        <ele>85.75</ele>
      </trkpt>
      <trkpt lat="22.830541" lon="108.336121">
        <ele>85.75</ele>
      </trkpt>
      <trkpt lat="22.830482" lon="108.336467">
        <ele>85.75</ele>
      </trkpt>
      <trkpt lat="22.830412" lon="108.337083">
        <ele>85.75</ele>
      </trkpt>
      <trkpt lat="22.830392" lon="108.337443">
        <ele>85.75</ele>
      </trkpt>
      <trkpt lat="22.830309" lon="108.339962">
        <ele>85.75</ele>
      </trkpt>
      <trkpt lat="22.8303" lon="108.340412">
        <ele>85.75</ele>
      </trkpt>
      <trkpt lat="22.8303" lon="108.340722">
        <ele>85.75</ele>
      </trkpt>
      <trkpt lat="22.83033" lon="108.341273">
        <ele>85.75</ele>
      </trkpt>
      <trkpt lat="22.830363" lon="108.341525">
        <ele>85.75</ele>
      </trkpt>
      <trkpt lat="22.830408" lon="108.341789">
        <ele>85.75</ele>
      </trkpt>
      <trkpt lat="22.830505" lon="108.342203">
        <ele>85.75</ele>
      </trkpt>
      <trkpt lat="22.830607" lon="108.342529">
        <ele>85.75</ele>
      </trkpt>
      <trkpt lat="22.830758" lon="108.34295">
        <ele>85.75</ele>
      </trkpt>
      <trkpt lat="22.830863" lon="108.343185">
        <ele>85.75</ele>
      </trkpt>
      <trkpt lat="22.830979" lon="108.343417">
        <ele>85.75</ele>
      </trkpt>
      <trkpt lat="22.831094" lon="108.343623">
        <ele>85.75</ele>
      </trkpt>
      <trkpt lat="22.831295" lon="108.343965">
        <ele>85.75</ele>
      </trkpt>
      <trkpt lat="22.831529" lon="108.3443">
        <ele>85.75</ele>
      </trkpt>
      <trkpt lat="22.831838" lon="108.34469">
        <ele>85.75</ele>
      </trkpt>
      <trkpt lat="22.832902" lon="108.345866">
        <ele>85.75</ele>
      </trkpt>
      <trkpt lat="22.833122" lon="108.346129">
        <ele>85.75</ele>
      </trkpt>
      <trkpt lat="22.833497" lon="108.346665">
        <ele>85.75</ele>
      </trkpt>
      <trkpt lat="22.834054" lon="108.347568">
        <ele>85.75</ele>
      </trkpt>
      <trkpt lat="22.835564" lon="108.350045">
        <ele>85.75</ele>
      </trkpt>
      <trkpt lat="22.836261" lon="108.351217">
        <ele>87.5</ele>
      </trkpt>
      <trkpt lat="22.837246" lon="108.352828">
        <ele>85.75</ele>
      </trkpt>
      <trkpt lat="22.83751" lon="108.353281">
        <ele>82.5</ele>
      </trkpt>
      <trkpt lat="22.838414" lon="108.354794">
        <ele>78.25</ele>
      </trkpt>
      <trkpt lat="22.838872" lon="108.355599">
        <ele>78</ele>
      </trkpt>
      <trkpt lat="22.839097" lon="108.35603">
        <ele>79</ele>
      </trkpt>
      <trkpt lat="22.839245" lon="108.356349">
        <ele>79.25</ele>
      </trkpt>
      <trkpt lat="22.839461" lon="108.356847">
        <ele>78</ele>
      </trkpt>
      <trkpt lat="22.839589" lon="108.357176">
        <ele>78</ele>
      </trkpt>
      <trkpt lat="22.839792" lon="108.357739">
        <ele>78.5</ele>
      </trkpt>
      <trkpt lat="22.839874" lon="108.35799">
        <ele>78.75</ele>
      </trkpt>
      <trkpt lat="22.840085" lon="108.358727">
        <ele>81</ele>
      </trkpt>
      <trkpt lat="22.840129" lon="108.358887">
        <ele>81.5</ele>
      </trkpt>
      <trkpt lat="22.840234" lon="108.359372">
        <ele>83.25</ele>
      </trkpt>
      <trkpt lat="22.840329" lon="108.359838">
        <ele>83.25</ele>
      </trkpt>
      <trkpt lat="22.840394" lon="108.360221">
        <ele>83</ele>
      </trkpt>
      <trkpt lat="22.840447" lon="108.360644">
        <ele>81.5</ele>
      </trkpt>
      <trkpt lat="22.840531" lon="108.361684">
        <ele>82.25</ele>
      </trkpt>
      <trkpt lat="22.840542" lon="108.362432">
        <ele>83</ele>
      </trkpt>
      <trkpt lat="22.840531" lon="108.362847">
        <ele>83.5</ele>
      </trkpt>
      <trkpt lat="22.840504" lon="108.363357">
        <ele>84</ele>
      </trkpt>
      <trkpt lat="22.840437" lon="108.364123">
        <ele>84.75</ele>
      </trkpt>
      <trkpt lat="22.840311" lon="108.365258">
        <ele>85.75</ele>
      </trkpt>
      <trkpt lat="22.840191" lon="108.366513">
        <ele>87</ele>
      </trkpt>
      <trkpt lat="22.840139" lon="108.367192">
        <ele>87</ele>
      </trkpt>
      <trkpt lat="22.840054" lon="108.368047">
        <ele>90</ele>
      </trkpt>
      <trkpt lat="22.839859" lon="108.369808">
        <ele>86.5</ele>
      </trkpt>
      <trkpt lat="22.839706" lon="108.371047">
        <ele>81</ele>
      </trkpt>
      <trkpt lat="22.839528" lon="108.372758">
        <ele>82</ele>
      </trkpt>
      <trkpt lat="22.839358" lon="108.374347">
        <ele>82.75</ele>
      </trkpt>
      <trkpt lat="22.83925" lon="108.375299">
        <ele>85.5</ele>
      </trkpt>
      <trkpt lat="22.839185" lon="108.376168">
        <ele>92.5</ele>
      </trkpt>
      <trkpt lat="22.839174" lon="108.37692">
        <ele>98.25</ele>
      </trkpt>
      <trkpt lat="22.839189" lon="108.377235">
        <ele>98.75</ele>
      </trkpt>
      <trkpt lat="22.839212" lon="108.377535">
        <ele>99.25</ele>
      </trkpt>
      <trkpt lat="22.839247" lon="108.377786">
        <ele>98.25</ele>
      </trkpt>
      <trkpt lat="22.839286" lon="108.378028">
        <ele>97</ele>
      </trkpt>
      <trkpt lat="22.839442" lon="108.378701">
        <ele>94</ele>
      </trkpt>
      <trkpt lat="22.839555" lon="108.37909">
        <ele>93</ele>
      </trkpt>
      <trkpt lat="22.839641" lon="108.379346">
        <ele>93</ele>
      </trkpt>
      <trkpt lat="22.839739" lon="108.379616">
        <ele>93.75</ele>
      </trkpt>
      <trkpt lat="22.839855" lon="108.379897">
        <ele>95.25</ele>
      </trkpt>
      <trkpt lat="22.839994" lon="108.380199">
        <ele>95.75</ele>
      </trkpt>
      <trkpt lat="22.840254" lon="108.380689">
        <ele>96</ele>
      </trkpt>
      <trkpt lat="22.840456" lon="108.381026">
        <ele>96.25</ele>
      </trkpt>
      <trkpt lat="22.840654" lon="108.381328">
        <ele>96.5</ele>
      </trkpt>
      <trkpt lat="22.840981" lon="108.381782">
        <ele>96.75</ele>
      </trkpt>
      <trkpt lat="22.841414" lon="108.38227">
        <ele>97.25</ele>
      </trkpt>
      <trkpt lat="22.84251" lon="108.383459">
        <ele>98.25</ele>
      </trkpt>
      <trkpt lat="22.842692" lon="108.383665">
        <ele>98.5</ele>
      </trkpt>
      <trkpt lat="22.84309" lon="108.384133">
        <ele>98.75</ele>
      </trkpt>
      <trkpt lat="22.843258" lon="108.38434">
        <ele>99</ele>
      </trkpt>
      <trkpt lat="22.843442" lon="108.38461">
        <ele>99.25</ele>
      </trkpt>
      <trkpt lat="22.843703" lon="108.385019">
        <ele>99.25</ele>
      </trkpt>
      <trkpt lat="22.843832" lon="108.385244">
        <ele>102.5</ele>
      </trkpt>
      <trkpt lat="22.843992" lon="108.38556">
        <ele>106.25</ele>
      </trkpt>
      <trkpt lat="22.844245" lon="108.386096">
        <ele>111</ele>
      </trkpt>
      <trkpt lat="22.844373" lon="108.386449">
        <ele>112.75</ele>
      </trkpt>
      <trkpt lat="22.844526" lon="108.386939">
        <ele>111.25</ele>
      </trkpt>
      <trkpt lat="22.84463" lon="108.387357">
        <ele>108.25</ele>
      </trkpt>
      <trkpt lat="22.844709" lon="108.387728">
        <ele>105.25</ele>
      </trkpt>
      <trkpt lat="22.844762" lon="108.38803">
        <ele>102.5</ele>
      </trkpt>
      <trkpt lat="22.844787" lon="108.388293">
        <ele>100.5</ele>
      </trkpt>
      <trkpt lat="22.844831" lon="108.388645">
        <ele>103.25</ele>
      </trkpt>
      <trkpt lat="22.844851" lon="108.388937">
        <ele>105.5</ele>
      </trkpt>
      <trkpt lat="22.84486" lon="108.38921">
        <ele>107.75</ele>
      </trkpt>
      <trkpt lat="22.844855" lon="108.389652">
        <ele>111.25</ele>
      </trkpt>
      <trkpt lat="22.844815" lon="108.392819">
        <ele>111.25</ele>
      </trkpt>
      <trkpt lat="22.844811" lon="108.393096">
        <ele>110.5</ele>
      </trkpt>
      <trkpt lat="22.844763" lon="108.396891">
        <ele>122</ele>
      </trkpt>
      <trkpt lat="22.844722" lon="108.400171">
        <ele>114.75</ele>
      </trkpt>
      <trkpt lat="22.844753" lon="108.40156">
        <ele>122.75</ele>
      </trkpt>
      <trkpt lat="22.844748" lon="108.401925">
        <ele>123.25</ele>
      </trkpt>
      <trkpt lat="22.844773" lon="108.402717">
        <ele>120.25</ele>
      </trkpt>
      <trkpt lat="22.84479" lon="108.403767">
        <ele>111.5</ele>
      </trkpt>
      <trkpt lat="22.844802" lon="108.404169">
        <ele>108.5</ele>
      </trkpt>
      <trkpt lat="22.844895" lon="108.405747">
        <ele>100.25</ele>
      </trkpt>
      <trkpt lat="22.844892" lon="108.406955">
        <ele>99.75</ele>
      </trkpt>
      <trkpt lat="22.84489" lon="108.407733">
        <ele>100.75</ele>
      </trkpt>
      <trkpt lat="22.844862" lon="108.409907">
        <ele>96</ele>
      </trkpt>
      <trkpt lat="22.844813" lon="108.413833">
        <ele>87.75</ele>
      </trkpt>
      <trkpt lat="22.844733" lon="108.415127">
        <ele>95</ele>
      </trkpt>
      <trkpt lat="22.844694" lon="108.415876">
        <ele>97</ele>
      </trkpt>
      <trkpt lat="22.84464" lon="108.416389">
        <ele>95.5</ele>
      </trkpt>
      <trkpt lat="22.844628" lon="108.417322">
        <ele>94</ele>
      </trkpt>
      <trkpt lat="22.844619" lon="108.418282">
        <ele>94.75</ele>
      </trkpt>
      <trkpt lat="22.844553" lon="108.418886">
        <ele>95.75</ele>
      </trkpt>
      <trkpt lat="22.844539" lon="108.419952">
        <ele>94.5</ele>
      </trkpt>
      <trkpt lat="22.844535" lon="108.422053">
        <ele>89.25</ele>
      </trkpt>
      <trkpt lat="22.84453" lon="108.422433">
        <ele>90.5</ele>
      </trkpt>
      <trkpt lat="22.844497" lon="108.424342">
        <ele>87.75</ele>
      </trkpt>
      <trkpt lat="22.844468" lon="108.425436">
        <ele>89.75</ele>
      </trkpt>
      <trkpt lat="22.844424" lon="108.426235">
        <ele>94</ele>
      </trkpt>
      <trkpt lat="22.844321" lon="108.428809">
        <ele>92.5</ele>
      </trkpt>
      <trkpt lat="22.844114" lon="108.434387">
        <ele>89.5</ele>
      </trkpt>
      <trkpt lat="22.844104" lon="108.435027">
        <ele>89.25</ele>
      </trkpt>
      <trkpt lat="22.844112" lon="108.435547">
        <ele>89</ele>
      </trkpt>
      <trkpt lat="22.844115" lon="108.436415">
        <ele>88.5</ele>
      </trkpt>
      <trkpt lat="22.844136" lon="108.437143">
        <ele>88.25</ele>
      </trkpt>
      <trkpt lat="22.844174" lon="108.437994">
        <ele>87.75</ele>
      </trkpt>
      <trkpt lat="22.844288" lon="108.439656">
        <ele>86.75</ele>
      </trkpt>
      <trkpt lat="22.844362" lon="108.440455">
        <ele>86.5</ele>
      </trkpt>
      <trkpt lat="22.84447" lon="108.441418">
        <ele>85.75</ele>
      </trkpt>
      <trkpt lat="22.844684" lon="108.442936">
        <ele>85</ele>
      </trkpt>
      <trkpt lat="22.844828" lon="108.443808">
        <ele>84.5</ele>
      </trkpt>
      <trkpt lat="22.844965" lon="108.444501">
        <ele>84.25</ele>
      </trkpt>
      <trkpt lat="22.845238" lon="108.445787">
        <ele>83.5</ele>
      </trkpt>
      <trkpt lat="22.845485" lon="108.446821">
        <ele>83</ele>
      </trkpt>
      <trkpt lat="22.845804" lon="108.448046">
        <ele>82.25</ele>
      </trkpt>
      <trkpt lat="22.846238" lon="108.449553">
        <ele>81.5</ele>
      </trkpt>
      <trkpt lat="22.846719" lon="108.45104">
        <ele>80.75</ele>
      </trkpt>
      <trkpt lat="22.84697" lon="108.451826">
        <ele>84</ele>
      </trkpt>
      <trkpt lat="22.847438" lon="108.453042">
        <ele>89</ele>
      </trkpt>
      <trkpt lat="22.847836" lon="108.454269">
        <ele>94.25</ele>
      </trkpt>
      <trkpt lat="22.850599" lon="108.461892">
        <ele>94.25</ele>
      </trkpt>
      <trkpt lat="22.852256" lon="108.466783">
        <ele>100.75</ele>
      </trkpt>
      <trkpt lat="22.853523" lon="108.471881">
        <ele>107</ele>
      </trkpt>
      <trkpt lat="22.854932" lon="108.479495">
        <ele>108.75</ele>
      </trkpt>
      <trkpt lat="22.855758" lon="108.484016">
        <ele>114.75</ele>
      </trkpt>
      <trkpt lat="22.856641" lon="108.488513">
        <ele>131</ele>
      </trkpt>
      <trkpt lat="22.85727" lon="108.490959">
        <ele>107</ele>
      </trkpt>
      <trkpt lat="22.858035" lon="108.493796">
        <ele>114.5</ele>
      </trkpt>
      <trkpt lat="22.858504" lon="108.495322">
        <ele>114.5</ele>
      </trkpt>
      <trkpt lat="22.859318" lon="108.497549">
        <ele>114.5</ele>
      </trkpt>
      <trkpt lat="22.860147" lon="108.499804">
        <ele>114.5</ele>
      </trkpt>
      <trkpt lat="22.860985" lon="108.502134">
        <ele>114.5</ele>
      </trkpt>
      <trkpt lat="22.861377" lon="108.503125">
        <ele>114.5</ele>
      </trkpt>
      <trkpt lat="22.861962" lon="108.504604">
        <ele>121.75</ele>
      </trkpt>
      <trkpt lat="22.862274" lon="108.50541">
        <ele>120</ele>
      </trkpt>
      <trkpt lat="22.863203" lon="108.507842">
        <ele>116</ele>
      </trkpt>
      <trkpt lat="22.863617" lon="108.508955">
        <ele>111.5</ele>
      </trkpt>
      <trkpt lat="22.86395" lon="108.509962">
        <ele>115</ele>
      </trkpt>
      <trkpt lat="22.864464" lon="108.511526">
        <ele>113.5</ele>
      </trkpt>
      <trkpt lat="22.865422" lon="108.514881">
        <ele>110.25</ele>
      </trkpt>
      <trkpt lat="22.866176" lon="108.518308">
        <ele>107.25</ele>
      </trkpt>
      <trkpt lat="22.867924" lon="108.527118">
        <ele>99.25</ele>
      </trkpt>
      <trkpt lat="22.868329" lon="108.528801">
        <ele>99.25</ele>
      </trkpt>
      <trkpt lat="22.868887" lon="108.531183">
        <ele>100</ele>
      </trkpt>
      <trkpt lat="22.869057" lon="108.531891">
        <ele>97.75</ele>
      </trkpt>
      <trkpt lat="22.869164" lon="108.532288">
        <ele>96</ele>
      </trkpt>
      <trkpt lat="22.869324" lon="108.532865">
        <ele>97.75</ele>
      </trkpt>
      <trkpt lat="22.86954" lon="108.533633">
        <ele>90.5</ele>
      </trkpt>
      <trkpt lat="22.870257" lon="108.535828">
        <ele>85.5</ele>
      </trkpt>
      <trkpt lat="22.870963" lon="108.537878">
        <ele>84.75</ele>
      </trkpt>
      <trkpt lat="22.87156" lon="108.539353">
        <ele>84.25</ele>
      </trkpt>
      <trkpt lat="22.872378" lon="108.541489">
        <ele>83.5</ele>
      </trkpt>
      <trkpt lat="22.873759" lon="108.544335">
        <ele>82.5</ele>
      </trkpt>
      <trkpt lat="22.874834" lon="108.546514">
        <ele>82</ele>
      </trkpt>
      <trkpt lat="22.876691" lon="108.550324">
        <ele>82</ele>
      </trkpt>
      <trkpt lat="22.878236" lon="108.553538">
        <ele>85.5</ele>
      </trkpt>
      <trkpt lat="22.879064" lon="108.555365">
        <ele>88</ele>
      </trkpt>
      <trkpt lat="22.879413" lon="108.556166">
        <ele>90</ele>
      </trkpt>
      <trkpt lat="22.87982" lon="108.557064">
        <ele>95.25</ele>
      </trkpt>
      <trkpt lat="22.882037" lon="108.56211">
        <ele>89.75</ele>
      </trkpt>
      <trkpt lat="22.882362" lon="108.56287">
        <ele>89</ele>
      </trkpt>
      <trkpt lat="22.883275" lon="108.564973">
        <ele>88.25</ele>
      </trkpt>
      <trkpt lat="22.883594" lon="108.565627">
        <ele>107</ele>
      </trkpt>
      <trkpt lat="22.887169" lon="108.573735">
        <ele>119.25</ele>
      </trkpt>
      <trkpt lat="22.887559" lon="108.574592">
        <ele>110.75</ele>
      </trkpt>
      <trkpt lat="22.893949" lon="108.585929">
        <ele>128</ele>
      </trkpt>
      <trkpt lat="22.894133" lon="108.586234">
        <ele>132</ele>
      </trkpt>
      <trkpt lat="22.896052" lon="108.588847">
        <ele>133.25</ele>
      </trkpt>
      <trkpt lat="22.896484" lon="108.589516">
        <ele>119</ele>
      </trkpt>
      <trkpt lat="22.896743" lon="108.58985">
        <ele>116.5</ele>
      </trkpt>
      <trkpt lat="22.897236" lon="108.590514">
        <ele>109</ele>
      </trkpt>
      <trkpt lat="22.897635" lon="108.59107">
        <ele>109.5</ele>
      </trkpt>
      <trkpt lat="22.898412" lon="108.592094">
        <ele>108.25</ele>
      </trkpt>
      <trkpt lat="22.903063" lon="108.59833">
        <ele>102.25</ele>
      </trkpt>
      <trkpt lat="22.903372" lon="108.598774">
        <ele>98</ele>
      </trkpt>
      <trkpt lat="22.907091" lon="108.603774">
        <ele>100</ele>
      </trkpt>
      <trkpt lat="22.910816" lon="108.609266">
        <ele>117.75</ele>
      </trkpt>
      <trkpt lat="22.914544" lon="108.615525">
        <ele>103.75</ele>
      </trkpt>
      <trkpt lat="22.918166" lon="108.621617">
        <ele>98.25</ele>
      </trkpt>
      <trkpt lat="22.921452" lon="108.626485">
        <ele>94</ele>
      </trkpt>
      <trkpt lat="22.923567" lon="108.629249">
        <ele>91.5</ele>
      </trkpt>
      <trkpt lat="22.925805" lon="108.632052">
        <ele>91.5</ele>
      </trkpt>
      <trkpt lat="22.933273" lon="108.641269">
        <ele>115.5</ele>
      </trkpt>
      <trkpt lat="22.940407" lon="108.650125">
        <ele>120.75</ele>
      </trkpt>
      <trkpt lat="22.945799" lon="108.657153">
        <ele>119</ele>
      </trkpt>
      <trkpt lat="22.949003" lon="108.662231">
        <ele>141.5</ele>
      </trkpt>
      <trkpt lat="22.950461" lon="108.665098">
        <ele>142.5</ele>
      </trkpt>
      <trkpt lat="22.955948" lon="108.67658">
        <ele>148.75</ele>
      </trkpt>
      <trkpt lat="22.961955" lon="108.689198">
        <ele>162.75</ele>
      </trkpt>
      <trkpt lat="22.975601" lon="108.714043">
        <ele>193.25</ele>
      </trkpt>
      <trkpt lat="22.978453" lon="108.719429">
        <ele>202.25</ele>
      </trkpt>
      <trkpt lat="22.989061" lon="108.743694">
        <ele>230</ele>
      </trkpt>
      <trkpt lat="22.989516" lon="108.744776">
        <ele>227</ele>
      </trkpt>
      <trkpt lat="22.993858" lon="108.754873">
        <ele>227</ele>
      </trkpt>
      <trkpt lat="22.994348" lon="108.755943">
        <ele>232.5</ele>
      </trkpt>
      <trkpt lat="23.010459" lon="108.79345">
        <ele>199.25</ele>
      </trkpt>
      <trkpt lat="23.011539" lon="108.796178">
        <ele>197</ele>
      </trkpt>
      <trkpt lat="23.013624" lon="108.802842">
        <ele>191.25</ele>
      </trkpt>
      <trkpt lat="23.016148" lon="108.810462">
        <ele>191.5</ele>
      </trkpt>
      <trkpt lat="23.01667" lon="108.81195">
        <ele>172.5</ele>
      </trkpt>
      <trkpt lat="23.017077" lon="108.813025">
        <ele>175.5</ele>
      </trkpt>
      <trkpt lat="23.017903" lon="108.814977">
        <ele>177.25</ele>
      </trkpt>
      <trkpt lat="23.017989" lon="108.815207">
        <ele>182.25</ele>
      </trkpt>
      <trkpt lat="23.019163" lon="108.817567">
        <ele>166</ele>
      </trkpt>
      <trkpt lat="23.020433" lon="108.819983">
        <ele>171</ele>
      </trkpt>
      <trkpt lat="23.031508" lon="108.837338">
        <ele>190.5</ele>
      </trkpt>
      <trkpt lat="23.034296" lon="108.84196">
        <ele>164</ele>
      </trkpt>
      <trkpt lat="23.035629" lon="108.844488">
        <ele>157</ele>
      </trkpt>
      <trkpt lat="23.03703" lon="108.846972">
        <ele>177.75</ele>
      </trkpt>
      <trkpt lat="23.040951" lon="108.855831">
        <ele>188</ele>
      </trkpt>
      <trkpt lat="23.04539" lon="108.865683">
        <ele>154.25</ele>
      </trkpt>
      <trkpt lat="23.047582" lon="108.87016">
        <ele>156.75</ele>
      </trkpt>
      <trkpt lat="23.052329" lon="108.87877">
        <ele>146.75</ele>
      </trkpt>
      <trkpt lat="23.053861" lon="108.881836">
        <ele>139</ele>
      </trkpt>
      <trkpt lat="23.055288" lon="108.885469">
        <ele>161.25</ele>
      </trkpt>
      <trkpt lat="23.055802" lon="108.886675">
        <ele>162</ele>
      </trkpt>
      <trkpt lat="23.056337" lon="108.888018">
        <ele>165.75</ele>
      </trkpt>
      <trkpt lat="23.059391" lon="108.895716">
        <ele>187.5</ele>
      </trkpt>
      <trkpt lat="23.059625" lon="108.896261">
        <ele>183.75</ele>
      </trkpt>
      <trkpt lat="23.061003" lon="108.899585">
        <ele>168.5</ele>
      </trkpt>
      <trkpt lat="23.063693" lon="108.905429">
        <ele>156.5</ele>
      </trkpt>
      <trkpt lat="23.064099" lon="108.906311">
        <ele>159</ele>
      </trkpt>
      <trkpt lat="23.064977" lon="108.90822">
        <ele>170.25</ele>
      </trkpt>
      <trkpt lat="23.06685" lon="108.911811">
        <ele>169.5</ele>
      </trkpt>
      <trkpt lat="23.067108" lon="108.912221">
        <ele>176.25</ele>
      </trkpt>
      <trkpt lat="23.06765" lon="108.913451">
        <ele>167.75</ele>
      </trkpt>
      <trkpt lat="23.070043" lon="108.918706">
        <ele>166</ele>
      </trkpt>
      <trkpt lat="23.070942" lon="108.920681">
        <ele>152.5</ele>
      </trkpt>
      <trkpt lat="23.072592" lon="108.924545">
        <ele>150.75</ele>
      </trkpt>
      <trkpt lat="23.073842" lon="108.927341">
        <ele>141</ele>
      </trkpt>
      <trkpt lat="23.074801" lon="108.929464">
        <ele>139.5</ele>
      </trkpt>
      <trkpt lat="23.07632" lon="108.932646">
        <ele>138.5</ele>
      </trkpt>
      <trkpt lat="23.077232" lon="108.934546">
        <ele>137.75</ele>
      </trkpt>
      <trkpt lat="23.078914" lon="108.937744">
        <ele>136.75</ele>
      </trkpt>
      <trkpt lat="23.079648" lon="108.938807">
        <ele>137</ele>
      </trkpt>
      <trkpt lat="23.080774" lon="108.940443">
        <ele>136</ele>
      </trkpt>
      <trkpt lat="23.081721" lon="108.941818">
        <ele>134</ele>
      </trkpt>
      <trkpt lat="23.082347" lon="108.942728">
        <ele>133</ele>
      </trkpt>
      <trkpt lat="23.084729" lon="108.945785">
        <ele>129</ele>
      </trkpt>
      <trkpt lat="23.089504" lon="108.950737">
        <ele>129</ele>
      </trkpt>
      <trkpt lat="23.0932" lon="108.953906">
        <ele>128</ele>
      </trkpt>
      <trkpt lat="23.097836" lon="108.957847">
        <ele>127</ele>
      </trkpt>
      <trkpt lat="23.10969" lon="108.967806">
        <ele>124.25</ele>
      </trkpt>
      <trkpt lat="23.111286" lon="108.969214">
        <ele>124</ele>
      </trkpt>
      <trkpt lat="23.113269" lon="108.971097">
        <ele>123.5</ele>
      </trkpt>
      <trkpt lat="23.115898" lon="108.973793">
        <ele>122.75</ele>
      </trkpt>
      <trkpt lat="23.118579" lon="108.976896">
        <ele>122</ele>
      </trkpt>
      <trkpt lat="23.120412" lon="108.979158">
        <ele>121.5</ele>
      </trkpt>
      <trkpt lat="23.122237" lon="108.981653">
        <ele>121</ele>
      </trkpt>
      <trkpt lat="23.127025" lon="108.988596">
        <ele>119.5</ele>
      </trkpt>
      <trkpt lat="23.132051" lon="108.996059">
        <ele>118</ele>
      </trkpt>
      <trkpt lat="23.139" lon="109.006129">
        <ele>116</ele>
      </trkpt>
      <trkpt lat="23.1423" lon="109.010347">
        <ele>115</ele>
      </trkpt>
      <trkpt lat="23.144087" lon="109.012438">
        <ele>114.5</ele>
      </trkpt>
      <trkpt lat="23.159203" lon="109.029941">
        <ele>110.75</ele>
      </trkpt>
      <trkpt lat="23.16407" lon="109.035582">
        <ele>109.25</ele>
      </trkpt>
      <trkpt lat="23.177493" lon="109.051132">
        <ele>105.75</ele>
      </trkpt>
      <trkpt lat="23.181248" lon="109.055003">
        <ele>105</ele>
      </trkpt>
      <trkpt lat="23.183045" lon="109.056647">
        <ele>104.5</ele>
      </trkpt>
      <trkpt lat="23.184929" lon="109.058241">
        <ele>104</ele>
      </trkpt>
      <trkpt lat="23.198928" lon="109.069032">
        <ele>101</ele>
      </trkpt>
      <trkpt lat="23.203218" lon="109.072336">
        <ele>100</ele>
      </trkpt>
      <trkpt lat="23.206248" lon="109.074885">
        <ele>99.25</ele>
      </trkpt>
      <trkpt lat="23.209132" lon="109.077657">
        <ele>98.75</ele>
      </trkpt>
      <trkpt lat="23.214433" lon="109.082999">
        <ele>98.75</ele>
      </trkpt>
      <trkpt lat="23.216251" lon="109.08483">
        <ele>101.25</ele>
      </trkpt>
      <trkpt lat="23.219444" lon="109.088044">
        <ele>100.5</ele>
      </trkpt>
      <trkpt lat="23.222338" lon="109.090961">
        <ele>97.75</ele>
      </trkpt>
      <trkpt lat="23.223008" lon="109.091634">
        <ele>96.75</ele>
      </trkpt>
      <trkpt lat="23.224841" lon="109.093478">
        <ele>102.75</ele>
      </trkpt>
      <trkpt lat="23.227014" lon="109.095684">
        <ele>97.75</ele>
      </trkpt>
      <trkpt lat="23.228236" lon="109.096999">
        <ele>100.75</ele>
      </trkpt>
      <trkpt lat="23.229099" lon="109.097977">
        <ele>99.75</ele>
      </trkpt>
      <trkpt lat="23.229814" lon="109.098836">
        <ele>100</ele>
      </trkpt>
      <trkpt lat="23.230583" lon="109.09982">
        <ele>100.5</ele>
      </trkpt>
      <trkpt lat="23.23148" lon="109.100987">
        <ele>102.25</ele>
      </trkpt>
      <trkpt lat="23.232345" lon="109.102191">
        <ele>103.5</ele>
      </trkpt>
      <trkpt lat="23.233491" lon="109.103926">
        <ele>103.75</ele>
      </trkpt>
      <trkpt lat="23.233758" lon="109.104355">
        <ele>103.75</ele>
      </trkpt>
      <trkpt lat="23.234379" lon="109.105351">
        <ele>104</ele>
      </trkpt>
      <trkpt lat="23.235374" lon="109.107089">
        <ele>104.25</ele>
      </trkpt>
      <trkpt lat="23.236252" lon="109.108757">
        <ele>104.5</ele>
      </trkpt>
      <trkpt lat="23.236907" lon="109.110112">
        <ele>104.75</ele>
      </trkpt>
      <trkpt lat="23.237553" lon="109.111528">
        <ele>105</ele>
      </trkpt>
      <trkpt lat="23.2381" lon="109.112788">
        <ele>105.25</ele>
      </trkpt>
      <trkpt lat="23.238601" lon="109.114089">
        <ele>105.25</ele>
      </trkpt>
      <trkpt lat="23.239249" lon="109.115884">
        <ele>105.75</ele>
      </trkpt>
      <trkpt lat="23.239685" lon="109.117233">
        <ele>105.75</ele>
      </trkpt>
      <trkpt lat="23.240119" lon="109.118695">
        <ele>106</ele>
      </trkpt>
      <trkpt lat="23.24057" lon="109.120347">
        <ele>106.25</ele>
      </trkpt>
      <trkpt lat="23.240949" lon="109.122018">
        <ele>106.5</ele>
      </trkpt>
      <trkpt lat="23.241193" lon="109.123155">
        <ele>106.75</ele>
      </trkpt>
      <trkpt lat="23.24146" lon="109.124539">
        <ele>107</ele>
      </trkpt>
      <trkpt lat="23.241748" lon="109.126339">
        <ele>107.25</ele>
      </trkpt>
      <trkpt lat="23.241999" lon="109.128407">
        <ele>107.5</ele>
      </trkpt>
      <trkpt lat="23.24214" lon="109.129992">
        <ele>107.75</ele>
      </trkpt>
      <trkpt lat="23.242243" lon="109.131508">
        <ele>108</ele>
      </trkpt>
      <trkpt lat="23.2423" lon="109.132999">
        <ele>108.25</ele>
      </trkpt>
      <trkpt lat="23.242317" lon="109.134453">
        <ele>108.5</ele>
      </trkpt>
      <trkpt lat="23.24227" lon="109.136762">
        <ele>108.75</ele>
      </trkpt>
      <trkpt lat="23.242137" lon="109.138983">
        <ele>109.25</ele>
      </trkpt>
      <trkpt lat="23.241982" lon="109.140697">
        <ele>109.5</ele>
      </trkpt>
      <trkpt lat="23.241739" lon="109.142636">
        <ele>109.75</ele>
      </trkpt>
      <trkpt lat="23.241603" lon="109.143504">
        <ele>110</ele>
      </trkpt>
      <trkpt lat="23.241035" lon="109.146861">
        <ele>110</ele>
      </trkpt>
      <trkpt lat="23.240929" lon="109.147517">
        <ele>108</ele>
      </trkpt>
      <trkpt lat="23.240725" lon="109.148657">
        <ele>111</ele>
      </trkpt>
      <trkpt lat="23.239966" lon="109.15303">
        <ele>107.5</ele>
      </trkpt>
      <trkpt lat="23.239279" lon="109.157008">
        <ele>106.5</ele>
      </trkpt>
      <trkpt lat="23.239112" lon="109.157932">
        <ele>107</ele>
      </trkpt>
      <trkpt lat="23.238645" lon="109.160164">
        <ele>108.5</ele>
      </trkpt>
      <trkpt lat="23.238376" lon="109.161291">
        <ele>109.25</ele>
      </trkpt>
      <trkpt lat="23.23798" lon="109.162788">
        <ele>110.25</ele>
      </trkpt>
      <trkpt lat="23.237671" lon="109.163823">
        <ele>111</ele>
      </trkpt>
      <trkpt lat="23.237222" lon="109.165285">
        <ele>111.75</ele>
      </trkpt>
      <trkpt lat="23.23694" lon="109.166129">
        <ele>112.5</ele>
      </trkpt>
      <trkpt lat="23.236658" lon="109.166918">
        <ele>113</ele>
      </trkpt>
      <trkpt lat="23.236321" lon="109.167819">
        <ele>113.5</ele>
      </trkpt>
      <trkpt lat="23.2358" lon="109.169133">
        <ele>114.5</ele>
      </trkpt>
      <trkpt lat="23.235345" lon="109.170186">
        <ele>115.25</ele>
      </trkpt>
      <trkpt lat="23.234742" lon="109.171541">
        <ele>116.25</ele>
      </trkpt>
      <trkpt lat="23.234321" lon="109.172403">
        <ele>116.75</ele>
      </trkpt>
      <trkpt lat="23.233978" lon="109.17309">
        <ele>117.25</ele>
      </trkpt>
      <trkpt lat="23.233269" lon="109.174489">
        <ele>118.25</ele>
      </trkpt>
      <trkpt lat="23.231736" lon="109.177166">
        <ele>118.5</ele>
      </trkpt>
      <trkpt lat="23.231273" lon="109.177951">
        <ele>115.25</ele>
      </trkpt>
      <trkpt lat="23.230233" lon="109.179744">
        <ele>118.5</ele>
      </trkpt>
      <trkpt lat="23.228739" lon="109.182338">
        <ele>116.5</ele>
      </trkpt>
      <trkpt lat="23.227607" lon="109.18448">
        <ele>116.75</ele>
      </trkpt>
      <trkpt lat="23.227007" lon="109.185694">
        <ele>115</ele>
      </trkpt>
      <trkpt lat="23.226528" lon="109.186747">
        <ele>115</ele>
      </trkpt>
      <trkpt lat="23.225669" lon="109.188782">
        <ele>111.5</ele>
      </trkpt>
      <trkpt lat="23.22513" lon="109.19014">
        <ele>112.75</ele>
      </trkpt>
      <trkpt lat="23.22342" lon="109.194884">
        <ele>112.25</ele>
      </trkpt>
      <trkpt lat="23.221252" lon="109.200921">
        <ele>111</ele>
      </trkpt>
      <trkpt lat="23.220588" lon="109.202769">
        <ele>111.75</ele>
      </trkpt>
      <trkpt lat="23.219942" lon="109.204438">
        <ele>108.25</ele>
      </trkpt>
      <trkpt lat="23.219166" lon="109.206745">
        <ele>113</ele>
      </trkpt>
      <trkpt lat="23.217827" lon="109.210401">
        <ele>108.75</ele>
      </trkpt>
      <trkpt lat="23.216292" lon="109.214661">
        <ele>104.25</ele>
      </trkpt>
      <trkpt lat="23.214868" lon="109.218645">
        <ele>105.5</ele>
      </trkpt>
      <trkpt lat="23.213986" lon="109.221036">
        <ele>106.25</ele>
      </trkpt>
      <trkpt lat="23.21324" lon="109.223062">
        <ele>106.75</ele>
      </trkpt>
      <trkpt lat="23.212885" lon="109.224146">
        <ele>107</ele>
      </trkpt>
      <trkpt lat="23.212663" lon="109.224838">
        <ele>107.25</ele>
      </trkpt>
      <trkpt lat="23.212237" lon="109.225927">
        <ele>102.25</ele>
      </trkpt>
      <trkpt lat="23.211782" lon="109.22712">
        <ele>104.5</ele>
      </trkpt>
      <trkpt lat="23.210898" lon="109.229478">
        <ele>103.75</ele>
      </trkpt>
      <trkpt lat="23.210284" lon="109.230972">
        <ele>101.5</ele>
      </trkpt>
      <trkpt lat="23.209621" lon="109.232461">
        <ele>106</ele>
      </trkpt>
      <trkpt lat="23.208896" lon="109.234022">
        <ele>107</ele>
      </trkpt>
      <trkpt lat="23.208231" lon="109.235384">
        <ele>101.5</ele>
      </trkpt>
      <trkpt lat="23.207238" lon="109.237369">
        <ele>89.75</ele>
      </trkpt>
      <trkpt lat="23.205334" lon="109.241006">
        <ele>87.75</ele>
      </trkpt>
      <trkpt lat="23.202983" lon="109.245441">
        <ele>85.25</ele>
      </trkpt>
      <trkpt lat="23.201456" lon="109.24836">
        <ele>83.5</ele>
      </trkpt>
      <trkpt lat="23.200668" lon="109.24998">
        <ele>82.75</ele>
      </trkpt>
      <trkpt lat="23.198548" lon="109.254964">
        <ele>80</ele>
      </trkpt>
      <trkpt lat="23.197787" lon="109.256913">
        <ele>79</ele>
      </trkpt>
      <trkpt lat="23.196948" lon="109.2596">
        <ele>77.75</ele>
      </trkpt>
      <trkpt lat="23.193397" lon="109.271759">
        <ele>71.5</ele>
      </trkpt>
      <trkpt lat="23.19298" lon="109.273227">
        <ele>71</ele>
      </trkpt>
      <trkpt lat="23.192691" lon="109.274244">
        <ele>71</ele>
      </trkpt>
      <trkpt lat="23.192465" lon="109.274969">
        <ele>71.75</ele>
      </trkpt>
      <trkpt lat="23.1914" lon="109.278188">
        <ele>73.5</ele>
      </trkpt>
      <trkpt lat="23.185208" lon="109.295591">
        <ele>70.5</ele>
      </trkpt>
      <trkpt lat="23.181631" lon="109.30954">
        <ele>80.75</ele>
      </trkpt>
      <trkpt lat="23.179932" lon="109.316976">
        <ele>83</ele>
      </trkpt>
      <trkpt lat="23.178842" lon="109.321131">
        <ele>91.5</ele>
      </trkpt>
      <trkpt lat="23.177922" lon="109.324391">
        <ele>98</ele>
      </trkpt>
      <trkpt lat="23.177449" lon="109.32584">
        <ele>101.25</ele>
      </trkpt>
      <trkpt lat="23.176394" lon="109.329068">
        <ele>101.25</ele>
      </trkpt>
      <trkpt lat="23.174143" lon="109.336293">
        <ele>106.75</ele>
      </trkpt>
      <trkpt lat="23.167208" lon="109.35883">
        <ele>70.5</ele>
      </trkpt>
      <trkpt lat="23.157025" lon="109.387121">
        <ele>61</ele>
      </trkpt>
      <trkpt lat="23.155175" lon="109.392244">
        <ele>58.25</ele>
      </trkpt>
      <trkpt lat="23.153663" lon="109.396216">
        <ele>60</ele>
      </trkpt>
      <trkpt lat="23.151709" lon="109.401585">
        <ele>62.5</ele>
      </trkpt>
      <trkpt lat="23.148146" lon="109.411378">
        <ele>67.5</ele>
      </trkpt>
      <trkpt lat="23.14464" lon="109.421106">
        <ele>72.25</ele>
      </trkpt>
      <trkpt lat="23.142035" lon="109.428016">
        <ele>75.75</ele>
      </trkpt>
      <trkpt lat="23.13951" lon="109.43501">
        <ele>79</ele>
      </trkpt>
      <trkpt lat="23.138622" lon="109.4375">
        <ele>80.25</ele>
      </trkpt>
      <trkpt lat="23.134793" lon="109.447974">
        <ele>85.5</ele>
      </trkpt>
      <trkpt lat="23.132364" lon="109.453407">
        <ele>88.25</ele>
      </trkpt>
      <trkpt lat="23.130527" lon="109.456886">
        <ele>90</ele>
      </trkpt>
      <trkpt lat="23.128943" lon="109.459659">
        <ele>91.75</ele>
      </trkpt>
      <trkpt lat="23.127389" lon="109.462379">
        <ele>91.75</ele>
      </trkpt>
      <trkpt lat="23.124175" lon="109.468213">
        <ele>86.25</ele>
      </trkpt>
      <trkpt lat="23.123759" lon="109.469154">
        <ele>88.75</ele>
      </trkpt>
      <trkpt lat="23.122758" lon="109.471418">
        <ele>88</ele>
      </trkpt>
      <trkpt lat="23.12246" lon="109.472092">
        <ele>86.25</ele>
      </trkpt>
      <trkpt lat="23.121955" lon="109.473304">
        <ele>78.5</ele>
      </trkpt>
      <trkpt lat="23.121418" lon="109.474772">
        <ele>77</ele>
      </trkpt>
      <trkpt lat="23.121218" lon="109.475285">
        <ele>76.75</ele>
      </trkpt>
      <trkpt lat="23.119779" lon="109.480193">
        <ele>78</ele>
      </trkpt>
      <trkpt lat="23.119109" lon="109.483223">
        <ele>81.5</ele>
      </trkpt>
      <trkpt lat="23.118319" lon="109.488867">
        <ele>72.5</ele>
      </trkpt>
      <trkpt lat="23.117411" lon="109.49642">
        <ele>62.5</ele>
      </trkpt>
      <trkpt lat="23.117143" lon="109.498447">
        <ele>65</ele>
      </trkpt>
      <trkpt lat="23.117075" lon="109.498854">
        <ele>65.25</ele>
      </trkpt>
      <trkpt lat="23.117056" lon="109.498969">
        <ele>65.25</ele>
      </trkpt>
      <trkpt lat="23.116721" lon="109.500969">
        <ele>69.5</ele>
      </trkpt>
      <trkpt lat="23.115813" lon="109.504896">
        <ele>73.5</ele>
      </trkpt>
      <trkpt lat="23.115072" lon="109.507433">
        <ele>67.5</ele>
      </trkpt>
      <trkpt lat="23.114033" lon="109.510526">
        <ele>60.25</ele>
      </trkpt>
      <trkpt lat="23.112678" lon="109.514526">
        <ele>51</ele>
      </trkpt>
      <trkpt lat="23.110783" lon="109.520187">
        <ele>51</ele>
      </trkpt>
      <trkpt lat="23.110592" lon="109.520743">
        <ele>51.25</ele>
      </trkpt>
      <trkpt lat="23.109583" lon="109.5236">
        <ele>51.75</ele>
      </trkpt>
      <trkpt lat="23.109408" lon="109.524151">
        <ele>51.5</ele>
      </trkpt>
      <trkpt lat="23.109093" lon="109.525091">
        <ele>50</ele>
      </trkpt>
      <trkpt lat="23.10795" lon="109.528471">
        <ele>48.75</ele>
      </trkpt>
      <trkpt lat="23.10762" lon="109.529509">
        <ele>49.5</ele>
      </trkpt>
      <trkpt lat="23.107405" lon="109.53022">
        <ele>50.25</ele>
      </trkpt>
      <trkpt lat="23.107113" lon="109.53115">
        <ele>49</ele>
      </trkpt>
      <trkpt lat="23.106819" lon="109.532242">
        <ele>49.25</ele>
      </trkpt>
      <trkpt lat="23.106311" lon="109.53427">
        <ele>48.75</ele>
      </trkpt>
      <trkpt lat="23.105563" lon="109.537357">
        <ele>47.5</ele>
      </trkpt>
      <trkpt lat="23.105351" lon="109.5382">
        <ele>48.5</ele>
      </trkpt>
      <trkpt lat="23.10509" lon="109.539267">
        <ele>49.75</ele>
      </trkpt>
      <trkpt lat="23.104505" lon="109.541777">
        <ele>48.75</ele>
      </trkpt>
      <trkpt lat="23.101907" lon="109.552414">
        <ele>49.5</ele>
      </trkpt>
      <trkpt lat="23.099909" lon="109.560953">
        <ele>50.75</ele>
      </trkpt>
      <trkpt lat="23.099648" lon="109.562242">
        <ele>49.5</ele>
      </trkpt>
      <trkpt lat="23.099415" lon="109.563553">
        <ele>48.75</ele>
      </trkpt>
      <trkpt lat="23.09928" lon="109.564499">
        <ele>50.75</ele>
      </trkpt>
      <trkpt lat="23.099203" lon="109.565134">
        <ele>51.5</ele>
      </trkpt>
      <trkpt lat="23.099095" lon="109.566266">
        <ele>47.25</ele>
      </trkpt>
      <trkpt lat="23.099" lon="109.567677">
        <ele>47</ele>
      </trkpt>
      <trkpt lat="23.098946" lon="109.568835">
        <ele>47</ele>
      </trkpt>
      <trkpt lat="23.098947" lon="109.570728">
        <ele>47.25</ele>
      </trkpt>
      <trkpt lat="23.099005" lon="109.572138">
        <ele>47.5</ele>
      </trkpt>
      <trkpt lat="23.09914" lon="109.573601">
        <ele>47.75</ele>
      </trkpt>
      <trkpt lat="23.099322" lon="109.574929">
        <ele>48</ele>
      </trkpt>
      <trkpt lat="23.099565" lon="109.576349">
        <ele>48.25</ele>
      </trkpt>
      <trkpt lat="23.099777" lon="109.577548">
        <ele>48.5</ele>
      </trkpt>
      <trkpt lat="23.100515" lon="109.580932">
        <ele>49</ele>
      </trkpt>
      <trkpt lat="23.100834" lon="109.582834">
        <ele>49.25</ele>
      </trkpt>
      <trkpt lat="23.100889" lon="109.58322">
        <ele>49.25</ele>
      </trkpt>
      <trkpt lat="23.100979" lon="109.583857">
        <ele>49.5</ele>
      </trkpt>
      <trkpt lat="23.101213" lon="109.586471">
        <ele>46.5</ele>
      </trkpt>
      <trkpt lat="23.101425" lon="109.589625">
        <ele>47.75</ele>
      </trkpt>
      <trkpt lat="23.101613" lon="109.593411">
        <ele>47.75</ele>
      </trkpt>
      <trkpt lat="23.10164" lon="109.593954">
        <ele>47.25</ele>
      </trkpt>
      <trkpt lat="23.101831" lon="109.596779">
        <ele>48.5</ele>
      </trkpt>
      <trkpt lat="23.101903" lon="109.597445">
        <ele>49</ele>
      </trkpt>
      <trkpt lat="23.101993" lon="109.598372">
        <ele>49.25</ele>
      </trkpt>
      <trkpt lat="23.102398" lon="109.601372">
        <ele>48</ele>
      </trkpt>
      <trkpt lat="23.102668" lon="109.602964">
        <ele>49.25</ele>
      </trkpt>
      <trkpt lat="23.102775" lon="109.603688">
        <ele>50.5</ele>
      </trkpt>
      <trkpt lat="23.102788" lon="109.603935">
        <ele>50.75</ele>
      </trkpt>
      <trkpt lat="23.10307" lon="109.606594">
        <ele>50</ele>
      </trkpt>
      <trkpt lat="23.103179" lon="109.608238">
        <ele>48</ele>
      </trkpt>
      <trkpt lat="23.103363" lon="109.611494">
        <ele>48.25</ele>
      </trkpt>
      <trkpt lat="23.103464" lon="109.613411">
        <ele>48.5</ele>
      </trkpt>
      <trkpt lat="23.104257" lon="109.626559">
        <ele>50.5</ele>
      </trkpt>
      <trkpt lat="23.104307" lon="109.629474">
        <ele>48.25</ele>
      </trkpt>
      <trkpt lat="23.104139" lon="109.631877">
        <ele>45.25</ele>
      </trkpt>
      <trkpt lat="23.103584" lon="109.635958">
        <ele>44</ele>
      </trkpt>
      <trkpt lat="23.103243" lon="109.638382">
        <ele>45</ele>
      </trkpt>
      <trkpt lat="23.10297" lon="109.641449">
        <ele>44.75</ele>
      </trkpt>
      <trkpt lat="23.102955" lon="109.643476">
        <ele>45.25</ele>
      </trkpt>
      <trkpt lat="23.103062" lon="109.645458">
        <ele>44.5</ele>
      </trkpt>
      <trkpt lat="23.103303" lon="109.647539">
        <ele>43</ele>
      </trkpt>
      <trkpt lat="23.103748" lon="109.649952">
        <ele>44.25</ele>
      </trkpt>
      <trkpt lat="23.104402" lon="109.652333">
        <ele>47.25</ele>
      </trkpt>
      <trkpt lat="23.105803" lon="109.6558">
        <ele>51.75</ele>
      </trkpt>
      <trkpt lat="23.107181" lon="109.658325">
        <ele>55.25</ele>
      </trkpt>
      <trkpt lat="23.109388" lon="109.661453">
        <ele>60</ele>
      </trkpt>
      <trkpt lat="23.111318" lon="109.663979">
        <ele>64</ele>
      </trkpt>
      <trkpt lat="23.116381" lon="109.668559">
        <ele>72.75</ele>
      </trkpt>
      <trkpt lat="23.119168" lon="109.671059">
        <ele>72.75</ele>
      </trkpt>
      <trkpt lat="23.122927" lon="109.674427">
        <ele>71.5</ele>
      </trkpt>
      <trkpt lat="23.129511" lon="109.680417">
        <ele>69.25</ele>
      </trkpt>
      <trkpt lat="23.136389" lon="109.687875">
        <ele>66.75</ele>
      </trkpt>
      <trkpt lat="23.143611" lon="109.697247">
        <ele>64</ele>
      </trkpt>
      <trkpt lat="23.149339" lon="109.705049">
        <ele>61.75</ele>
      </trkpt>
      <trkpt lat="23.152886" lon="109.712107">
        <ele>59.75</ele>
      </trkpt>
      <trkpt lat="23.173919" lon="109.760571">
        <ele>47.5</ele>
      </trkpt>
      <trkpt lat="23.17599" lon="109.765387">
        <ele>47.5</ele>
      </trkpt>
      <trkpt lat="23.17645" lon="109.766444">
        <ele>46.25</ele>
      </trkpt>
      <trkpt lat="23.180814" lon="109.776594">
        <ele>46.75</ele>
      </trkpt>
      <trkpt lat="23.180877" lon="109.776741">
        <ele>46.75</ele>
      </trkpt>
      <trkpt lat="23.184311" lon="109.784626">
        <ele>47.5</ele>
      </trkpt>
      <trkpt lat="23.185936" lon="109.788641">
        <ele>49.25</ele>
      </trkpt>
      <trkpt lat="23.18725" lon="109.792345">
        <ele>51.5</ele>
      </trkpt>
      <trkpt lat="23.192034" lon="109.807764">
        <ele>55.25</ele>
      </trkpt>
      <trkpt lat="23.19408" lon="109.814599">
        <ele>64.25</ele>
      </trkpt>
      <trkpt lat="23.196427" lon="109.822442">
        <ele>74.5</ele>
      </trkpt>
      <trkpt lat="23.19728" lon="109.825374">
        <ele>78.5</ele>
      </trkpt>
      <trkpt lat="23.197954" lon="109.827689">
        <ele>78.5</ele>
      </trkpt>
      <trkpt lat="23.198301" lon="109.828857">
        <ele>72</ele>
      </trkpt>
      <trkpt lat="23.199697" lon="109.83338">
        <ele>57.5</ele>
      </trkpt>
      <trkpt lat="23.201038" lon="109.838354">
        <ele>51</ele>
      </trkpt>
      <trkpt lat="23.201536" lon="109.840398">
        <ele>51.5</ele>
      </trkpt>
      <trkpt lat="23.205255" lon="109.855402">
        <ele>46.25</ele>
      </trkpt>
      <trkpt lat="23.214288" lon="109.891785">
        <ele>40</ele>
      </trkpt>
      <trkpt lat="23.216768" lon="109.901613">
        <ele>44.75</ele>
      </trkpt>
      <trkpt lat="23.21848" lon="109.908311">
        <ele>48</ele>
      </trkpt>
      <trkpt lat="23.21937" lon="109.911211">
        <ele>49.5</ele>
      </trkpt>
      <trkpt lat="23.220147" lon="109.913426">
        <ele>50.75</ele>
      </trkpt>
      <trkpt lat="23.221236" lon="109.916161">
        <ele>52</ele>
      </trkpt>
      <trkpt lat="23.222734" lon="109.919371">
        <ele>53.75</ele>
      </trkpt>
      <trkpt lat="23.224278" lon="109.922255">
        <ele>55.5</ele>
      </trkpt>
      <trkpt lat="23.226107" lon="109.925266">
        <ele>57.25</ele>
      </trkpt>
      <trkpt lat="23.227712" lon="109.927793">
        <ele>58.5</ele>
      </trkpt>
      <trkpt lat="23.230916" lon="109.932843">
        <ele>58.75</ele>
      </trkpt>
      <trkpt lat="23.2418" lon="109.949708">
        <ele>39.5</ele>
      </trkpt>
      <trkpt lat="23.249056" lon="109.96093">
        <ele>40.25</ele>
      </trkpt>
      <trkpt lat="23.255956" lon="109.971681">
        <ele>41</ele>
      </trkpt>
      <trkpt lat="23.259558" lon="109.977325">
        <ele>41.25</ele>
      </trkpt>
      <trkpt lat="23.265261" lon="109.986213">
        <ele>42</ele>
      </trkpt>
      <trkpt lat="23.267728" lon="109.990081">
        <ele>42.25</ele>
      </trkpt>
      <trkpt lat="23.274877" lon="110.001254">
        <ele>43</ele>
      </trkpt>
      <trkpt lat="23.276407" lon="110.003859">
        <ele>43.25</ele>
      </trkpt>
      <trkpt lat="23.278439" lon="110.007787">
        <ele>43.5</ele>
      </trkpt>
      <trkpt lat="23.280765" lon="110.012905">
        <ele>43.75</ele>
      </trkpt>
      <trkpt lat="23.281707" lon="110.015304">
        <ele>44</ele>
      </trkpt>
      <trkpt lat="23.282435" lon="110.01746">
        <ele>44</ele>
      </trkpt>
      <trkpt lat="23.284893" lon="110.025136">
        <ele>44.5</ele>
      </trkpt>
      <trkpt lat="23.286903" lon="110.031553">
        <ele>45</ele>
      </trkpt>
      <trkpt lat="23.289085" lon="110.038503">
        <ele>45.25</ele>
      </trkpt>
      <trkpt lat="23.2904" lon="110.042631">
        <ele>45.5</ele>
      </trkpt>
      <trkpt lat="23.291655" lon="110.046782">
        <ele>45.75</ele>
      </trkpt>
      <trkpt lat="23.293209" lon="110.051482">
        <ele>46</ele>
      </trkpt>
      <trkpt lat="23.298154" lon="110.063381">
        <ele>46.75</ele>
      </trkpt>
      <trkpt lat="23.302037" lon="110.072723">
        <ele>47</ele>
      </trkpt>
      <trkpt lat="23.307567" lon="110.086079">
        <ele>50</ele>
      </trkpt>
      <trkpt lat="23.308192" lon="110.087589">
        <ele>46</ele>
      </trkpt>
      <trkpt lat="23.311037" lon="110.09446">
        <ele>49.75</ele>
      </trkpt>
      <trkpt lat="23.317097" lon="110.108955">
        <ele>47.25</ele>
      </trkpt>
      <trkpt lat="23.32105" lon="110.11841">
        <ele>48</ele>
      </trkpt>
      <trkpt lat="23.322598" lon="110.122114">
        <ele>47.75</ele>
      </trkpt>
      <trkpt lat="23.337293" lon="110.156606">
        <ele>62.25</ele>
      </trkpt>
      <trkpt lat="23.344867" lon="110.176759">
        <ele>80.25</ele>
      </trkpt>
      <trkpt lat="23.346755" lon="110.183762">
        <ele>81.5</ele>
      </trkpt>
      <trkpt lat="23.347154" lon="110.185383">
        <ele>82</ele>
      </trkpt>
      <trkpt lat="23.347707" lon="110.187897">
        <ele>82.5</ele>
      </trkpt>
      <trkpt lat="23.347983" lon="110.189454">
        <ele>82.75</ele>
      </trkpt>
      <trkpt lat="23.348123" lon="110.191036">
        <ele>83</ele>
      </trkpt>
      <trkpt lat="23.348357" lon="110.196629">
        <ele>83.25</ele>
      </trkpt>
      <trkpt lat="23.348398" lon="110.20036">
        <ele>75</ele>
      </trkpt>
      <trkpt lat="23.348407" lon="110.201193">
        <ele>75</ele>
      </trkpt>
      <trkpt lat="23.348476" lon="110.207532">
        <ele>68.25</ele>
      </trkpt>
      <trkpt lat="23.348462" lon="110.210927">
        <ele>70</ele>
      </trkpt>
      <trkpt lat="23.348446" lon="110.214953">
        <ele>69.5</ele>
      </trkpt>
      <trkpt lat="23.348444" lon="110.215404">
        <ele>73</ele>
      </trkpt>
      <trkpt lat="23.348584" lon="110.217444">
        <ele>77.75</ele>
      </trkpt>
      <trkpt lat="23.348865" lon="110.220396">
        <ele>86.25</ele>
      </trkpt>
      <trkpt lat="23.349318" lon="110.224171">
        <ele>72.25</ele>
      </trkpt>
      <trkpt lat="23.350079" lon="110.227824">
        <ele>72.75</ele>
      </trkpt>
      <trkpt lat="23.350976" lon="110.231431">
        <ele>70.5</ele>
      </trkpt>
      <trkpt lat="23.351414" lon="110.233193">
        <ele>64</ele>
      </trkpt>
      <trkpt lat="23.352554" lon="110.237782">
        <ele>78.5</ele>
      </trkpt>
      <trkpt lat="23.352582" lon="110.237895">
        <ele>77.5</ele>
      </trkpt>
      <trkpt lat="23.353416" lon="110.241251">
        <ele>77.75</ele>
      </trkpt>
      <trkpt lat="23.354378" lon="110.245026">
        <ele>82.25</ele>
      </trkpt>
      <trkpt lat="23.354902" lon="110.247319">
        <ele>76.75</ele>
      </trkpt>
      <trkpt lat="23.355391" lon="110.249773">
        <ele>74.5</ele>
      </trkpt>
      <trkpt lat="23.355639" lon="110.251351">
        <ele>74.75</ele>
      </trkpt>
      <trkpt lat="23.355807" lon="110.252486">
        <ele>75.75</ele>
      </trkpt>
      <trkpt lat="23.356786" lon="110.261322">
        <ele>92.25</ele>
      </trkpt>
      <trkpt lat="23.357255" lon="110.26454">
        <ele>83.25</ele>
      </trkpt>
      <trkpt lat="23.358276" lon="110.269252">
        <ele>74.75</ele>
      </trkpt>
      <trkpt lat="23.359206" lon="110.272475">
        <ele>81</ele>
      </trkpt>
      <trkpt lat="23.360454" lon="110.276002">
        <ele>86.25</ele>
      </trkpt>
      <trkpt lat="23.362581" lon="110.281209">
        <ele>83.75</ele>
      </trkpt>
      <trkpt lat="23.363002" lon="110.282208">
        <ele>82.5</ele>
      </trkpt>
      <trkpt lat="23.363811" lon="110.284131">
        <ele>79.25</ele>
      </trkpt>
      <trkpt lat="23.364189" lon="110.285028">
        <ele>77.75</ele>
      </trkpt>
      <trkpt lat="23.366613" lon="110.29021">
        <ele>93.5</ele>
      </trkpt>
      <trkpt lat="23.369058" lon="110.29433">
        <ele>95</ele>
      </trkpt>
      <trkpt lat="23.370092" lon="110.29579">
        <ele>92.75</ele>
      </trkpt>
      <trkpt lat="23.370852" lon="110.296927">
        <ele>84.5</ele>
      </trkpt>
      <trkpt lat="23.373082" lon="110.299716">
        <ele>108</ele>
      </trkpt>
      <trkpt lat="23.377055" lon="110.303906">
        <ele>98.25</ele>
      </trkpt>
      <trkpt lat="23.378173" lon="110.304965">
        <ele>94</ele>
      </trkpt>
      <trkpt lat="23.379981" lon="110.306442">
        <ele>94</ele>
      </trkpt>
      <trkpt lat="23.381425" lon="110.307621">
        <ele>100.75</ele>
      </trkpt>
      <trkpt lat="23.382706" lon="110.308668">
        <ele>87.25</ele>
      </trkpt>
      <trkpt lat="23.38416" lon="110.309692">
        <ele>70</ele>
      </trkpt>
      <trkpt lat="23.384892" lon="110.310208">
        <ele>71.75</ele>
      </trkpt>
      <trkpt lat="23.389459" lon="110.313426">
        <ele>72.5</ele>
      </trkpt>
      <trkpt lat="23.391106" lon="110.314586">
        <ele>73</ele>
      </trkpt>
      <trkpt lat="23.392131" lon="110.315416">
        <ele>73.25</ele>
      </trkpt>
      <trkpt lat="23.39388" lon="110.316834">
        <ele>73.25</ele>
      </trkpt>
      <trkpt lat="23.395385" lon="110.318281">
        <ele>73.5</ele>
      </trkpt>
      <trkpt lat="23.397938" lon="110.320928">
        <ele>74</ele>
      </trkpt>
      <trkpt lat="23.399569" lon="110.322663">
        <ele>74.5</ele>
      </trkpt>
      <trkpt lat="23.400601" lon="110.323966">
        <ele>74.5</ele>
      </trkpt>
      <trkpt lat="23.403826" lon="110.328366">
        <ele>93.25</ele>
      </trkpt>
      <trkpt lat="23.407674" lon="110.336061">
        <ele>49.25</ele>
      </trkpt>
      <trkpt lat="23.408786" lon="110.33888">
        <ele>51</ele>
      </trkpt>
      <trkpt lat="23.41177" lon="110.348128">
        <ele>63.25</ele>
      </trkpt>
      <trkpt lat="23.413214" lon="110.353685">
        <ele>61.5</ele>
      </trkpt>
      <trkpt lat="23.413578" lon="110.355835">
        <ele>63.5</ele>
      </trkpt>
      <trkpt lat="23.416785" lon="110.378463">
        <ele>44.75</ele>
      </trkpt>
      <trkpt lat="23.418472" lon="110.390034">
        <ele>46.25</ele>
      </trkpt>
      <trkpt lat="23.418834" lon="110.393208">
        <ele>46.5</ele>
      </trkpt>
      <trkpt lat="23.418968" lon="110.395706">
        <ele>47</ele>
      </trkpt>
      <trkpt lat="23.418892" lon="110.401309">
        <ele>47</ele>
      </trkpt>
      <trkpt lat="23.418873" lon="110.402325">
        <ele>46.25</ele>
      </trkpt>
      <trkpt lat="23.418512" lon="110.410611">
        <ele>40.25</ele>
      </trkpt>
      <trkpt lat="23.418594" lon="110.412628">
        <ele>38.75</ele>
      </trkpt>
      <trkpt lat="23.418924" lon="110.417542">
        <ele>35.5</ele>
      </trkpt>
      <trkpt lat="23.419086" lon="110.41893">
        <ele>35.5</ele>
      </trkpt>
      <trkpt lat="23.419386" lon="110.421498">
        <ele>38.25</ele>
      </trkpt>
      <trkpt lat="23.419512" lon="110.423117">
        <ele>40</ele>
      </trkpt>
      <trkpt lat="23.419588" lon="110.424093">
        <ele>42.5</ele>
      </trkpt>
      <trkpt lat="23.419683" lon="110.425305">
        <ele>45.75</ele>
      </trkpt>
      <trkpt lat="23.420448" lon="110.434082">
        <ele>38</ele>
      </trkpt>
      <trkpt lat="23.4206" lon="110.435479">
        <ele>36.25</ele>
      </trkpt>
      <trkpt lat="23.420932" lon="110.439163">
        <ele>33.5</ele>
      </trkpt>
      <trkpt lat="23.421778" lon="110.448561">
        <ele>41.75</ele>
      </trkpt>
      <trkpt lat="23.422604" lon="110.459723">
        <ele>47.75</ele>
      </trkpt>
      <trkpt lat="23.422525" lon="110.465201">
        <ele>34.5</ele>
      </trkpt>
      <trkpt lat="23.422311" lon="110.467567">
        <ele>29.75</ele>
      </trkpt>
      <trkpt lat="23.422056" lon="110.469444">
        <ele>28.5</ele>
      </trkpt>
      <trkpt lat="23.421266" lon="110.475169">
        <ele>38</ele>
      </trkpt>
      <trkpt lat="23.418711" lon="110.491955">
        <ele>29.25</ele>
      </trkpt>
      <trkpt lat="23.418327" lon="110.496641">
        <ele>30.75</ele>
      </trkpt>
      <trkpt lat="23.418291" lon="110.497258">
        <ele>31.5</ele>
      </trkpt>
      <trkpt lat="23.418168" lon="110.499405">
        <ele>32.5</ele>
      </trkpt>
      <trkpt lat="23.417721" lon="110.50686">
        <ele>36.25</ele>
      </trkpt>
      <trkpt lat="23.416406" lon="110.528918">
        <ele>47.25</ele>
      </trkpt>
      <trkpt lat="23.416223" lon="110.530903">
        <ele>48.25</ele>
      </trkpt>
      <trkpt lat="23.415422" lon="110.53677">
        <ele>51.25</ele>
      </trkpt>
      <trkpt lat="23.415144" lon="110.538783">
        <ele>52.5</ele>
      </trkpt>
      <trkpt lat="23.412218" lon="110.55997">
        <ele>52.5</ele>
      </trkpt>
      <trkpt lat="23.411549" lon="110.565596">
        <ele>50.5</ele>
      </trkpt>
      <trkpt lat="23.410966" lon="110.579752">
        <ele>61.25</ele>
      </trkpt>
      <trkpt lat="23.410801" lon="110.587695">
        <ele>64.5</ele>
      </trkpt>
      <trkpt lat="23.410385" lon="110.594531">
        <ele>56</ele>
      </trkpt>
      <trkpt lat="23.410258" lon="110.595711">
        <ele>54.25</ele>
      </trkpt>
      <trkpt lat="23.409887" lon="110.598144">
        <ele>69.5</ele>
      </trkpt>
      <trkpt lat="23.40879" lon="110.603272">
        <ele>62.5</ele>
      </trkpt>
      <trkpt lat="23.407535" lon="110.607333">
        <ele>62.25</ele>
      </trkpt>
      <trkpt lat="23.406026" lon="110.611356">
        <ele>54</ele>
      </trkpt>
      <trkpt lat="23.404141" lon="110.616359">
        <ele>77.75</ele>
      </trkpt>
      <trkpt lat="23.40338" lon="110.618448">
        <ele>72</ele>
      </trkpt>
      <trkpt lat="23.402073" lon="110.623289">
        <ele>54.75</ele>
      </trkpt>
      <trkpt lat="23.402017" lon="110.623524">
        <ele>57.5</ele>
      </trkpt>
      <trkpt lat="23.401974" lon="110.623718">
        <ele>60.5</ele>
      </trkpt>
      <trkpt lat="23.401434" lon="110.626607">
        <ele>51.25</ele>
      </trkpt>
      <trkpt lat="23.401123" lon="110.628659">
        <ele>47.25</ele>
      </trkpt>
      <trkpt lat="23.401041" lon="110.629455">
        <ele>51.75</ele>
      </trkpt>
      <trkpt lat="23.400777" lon="110.632122">
        <ele>67.5</ele>
      </trkpt>
      <trkpt lat="23.400696" lon="110.633602">
        <ele>76.25</ele>
      </trkpt>
      <trkpt lat="23.400622" lon="110.634945">
        <ele>76.25</ele>
      </trkpt>
      <trkpt lat="23.400744" lon="110.639518">
        <ele>55</ele>
      </trkpt>
      <trkpt lat="23.400798" lon="110.640517">
        <ele>61</ele>
      </trkpt>
      <trkpt lat="23.401298" lon="110.645596">
        <ele>90.25</ele>
      </trkpt>
      <trkpt lat="23.401816" lon="110.650295">
        <ele>85</ele>
      </trkpt>
      <trkpt lat="23.402521" lon="110.656697">
        <ele>82.75</ele>
      </trkpt>
      <trkpt lat="23.402688" lon="110.659338">
        <ele>79.25</ele>
      </trkpt>
      <trkpt lat="23.402727" lon="110.662797">
        <ele>94.75</ele>
      </trkpt>
      <trkpt lat="23.402348" lon="110.669192">
        <ele>85.75</ele>
      </trkpt>
      <trkpt lat="23.401092" lon="110.676622">
        <ele>61</ele>
      </trkpt>
      <trkpt lat="23.400153" lon="110.686354">
        <ele>67</ele>
      </trkpt>
      <trkpt lat="23.397596" lon="110.702197">
        <ele>74.75</ele>
      </trkpt>
      <trkpt lat="23.396819" lon="110.708354">
        <ele>62</ele>
      </trkpt>
      <trkpt lat="23.396709" lon="110.711827">
        <ele>64.5</ele>
      </trkpt>
      <trkpt lat="23.396711" lon="110.714619">
        <ele>61.25</ele>
      </trkpt>
      <trkpt lat="23.396878" lon="110.718557">
        <ele>57.75</ele>
      </trkpt>
      <trkpt lat="23.397526" lon="110.72493">
        <ele>55.25</ele>
      </trkpt>
      <trkpt lat="23.397764" lon="110.728063">
        <ele>62.5</ele>
      </trkpt>
      <trkpt lat="23.397883" lon="110.733285">
        <ele>68</ele>
      </trkpt>
      <trkpt lat="23.397642" lon="110.736358">
        <ele>57.5</ele>
      </trkpt>
      <trkpt lat="23.397444" lon="110.738228">
        <ele>49.5</ele>
      </trkpt>
      <trkpt lat="23.397423" lon="110.738447">
        <ele>48.5</ele>
      </trkpt>
      <trkpt lat="23.397311" lon="110.739209">
        <ele>45.5</ele>
      </trkpt>
      <trkpt lat="23.397165" lon="110.740217">
        <ele>45.5</ele>
      </trkpt>
      <trkpt lat="23.396673" lon="110.742875">
        <ele>57.25</ele>
      </trkpt>
      <trkpt lat="23.3962" lon="110.74509">
        <ele>59</ele>
      </trkpt>
      <trkpt lat="23.392953" lon="110.757872">
        <ele>56</ele>
      </trkpt>
      <trkpt lat="23.391114" lon="110.765191">
        <ele>63.25</ele>
      </trkpt>
      <trkpt lat="23.390047" lon="110.769305">
        <ele>90.75</ele>
      </trkpt>
      <trkpt lat="23.38945" lon="110.771279">
        <ele>89.25</ele>
      </trkpt>
      <trkpt lat="23.389095" lon="110.772514">
        <ele>76.25</ele>
      </trkpt>
      <trkpt lat="23.388389" lon="110.774479">
        <ele>77.75</ele>
      </trkpt>
      <trkpt lat="23.388043" lon="110.775546">
        <ele>60.75</ele>
      </trkpt>
      <trkpt lat="23.387589" lon="110.776668">
        <ele>58.75</ele>
      </trkpt>
      <trkpt lat="23.387267" lon="110.777388">
        <ele>64.5</ele>
      </trkpt>
      <trkpt lat="23.387143" lon="110.777606">
        <ele>67.5</ele>
      </trkpt>
      <trkpt lat="23.386823" lon="110.778308">
        <ele>71.75</ele>
      </trkpt>
      <trkpt lat="23.386481" lon="110.779122">
        <ele>62.5</ele>
      </trkpt>
      <trkpt lat="23.385225" lon="110.781619">
        <ele>60.25</ele>
      </trkpt>
      <trkpt lat="23.384958" lon="110.782108">
        <ele>59</ele>
      </trkpt>
      <trkpt lat="23.383844" lon="110.783949">
        <ele>77.25</ele>
      </trkpt>
      <trkpt lat="23.383552" lon="110.784406">
        <ele>79</ele>
      </trkpt>
      <trkpt lat="23.378091" lon="110.792938">
        <ele>47.5</ele>
      </trkpt>
      <trkpt lat="23.37302" lon="110.801272">
        <ele>53.25</ele>
      </trkpt>
      <trkpt lat="23.370746" lon="110.80644">
        <ele>44.75</ele>
      </trkpt>
      <trkpt lat="23.368041" lon="110.812977">
        <ele>35</ele>
      </trkpt>
      <trkpt lat="23.367249" lon="110.815184">
        <ele>36.5</ele>
      </trkpt>
      <trkpt lat="23.366301" lon="110.818201">
        <ele>47.5</ele>
      </trkpt>
      <trkpt lat="23.365793" lon="110.820129">
        <ele>41</ele>
      </trkpt>
      <trkpt lat="23.365381" lon="110.821974">
        <ele>51</ele>
      </trkpt>
      <trkpt lat="23.365105" lon="110.823281">
        <ele>54.5</ele>
      </trkpt>
      <trkpt lat="23.364802" lon="110.824719">
        <ele>58.75</ele>
      </trkpt>
      <trkpt lat="23.36478" lon="110.824825">
        <ele>63.25</ele>
      </trkpt>
      <trkpt lat="23.363233" lon="110.831448">
        <ele>69.5</ele>
      </trkpt>
      <trkpt lat="23.362637" lon="110.833395">
        <ele>56.75</ele>
      </trkpt>
      <trkpt lat="23.362271" lon="110.834483">
        <ele>53</ele>
      </trkpt>
      <trkpt lat="23.361618" lon="110.836241">
        <ele>47.25</ele>
      </trkpt>
      <trkpt lat="23.360233" lon="110.839475">
        <ele>36.25</ele>
      </trkpt>
      <trkpt lat="23.358915" lon="110.84218">
        <ele>36.25</ele>
      </trkpt>
      <trkpt lat="23.358282" lon="110.843427">
        <ele>41</ele>
      </trkpt>
      <trkpt lat="23.357304" lon="110.845361">
        <ele>50.5</ele>
      </trkpt>
      <trkpt lat="23.356189" lon="110.84757">
        <ele>45.25</ele>
      </trkpt>
      <trkpt lat="23.354839" lon="110.850243">
        <ele>65</ele>
      </trkpt>
      <trkpt lat="23.353075" lon="110.853769">
        <ele>67</ele>
      </trkpt>
      <trkpt lat="23.347552" lon="110.865519">
        <ele>48.75</ele>
      </trkpt>
      <trkpt lat="23.346184" lon="110.869336">
        <ele>30.75</ele>
      </trkpt>
      <trkpt lat="23.344077" lon="110.87662">
        <ele>36.25</ele>
      </trkpt>
      <trkpt lat="23.343307" lon="110.880408">
        <ele>58.5</ele>
      </trkpt>
      <trkpt lat="23.343097" lon="110.881441">
        <ele>57.5</ele>
      </trkpt>
      <trkpt lat="23.342758" lon="110.883282">
        <ele>56.75</ele>
      </trkpt>
      <trkpt lat="23.341902" lon="110.887604">
        <ele>61.75</ele>
      </trkpt>
      <trkpt lat="23.341749" lon="110.888477">
        <ele>62.5</ele>
      </trkpt>
      <trkpt lat="23.341315" lon="110.890664">
        <ele>43</ele>
      </trkpt>
      <trkpt lat="23.340152" lon="110.896711">
        <ele>41.25</ele>
      </trkpt>
      <trkpt lat="23.339568" lon="110.900009">
        <ele>56</ele>
      </trkpt>
      <trkpt lat="23.338872" lon="110.907135">
        <ele>56.5</ele>
      </trkpt>
      <trkpt lat="23.338652" lon="110.916234">
        <ele>59.5</ele>
      </trkpt>
      <trkpt lat="23.338494" lon="110.918792">
        <ele>77</ele>
      </trkpt>
      <trkpt lat="23.335434" lon="110.937482">
        <ele>47.5</ele>
      </trkpt>
      <trkpt lat="23.334825" lon="110.940952">
        <ele>46</ele>
      </trkpt>
      <trkpt lat="23.334166" lon="110.944707">
        <ele>54.75</ele>
      </trkpt>
      <trkpt lat="23.333946" lon="110.946036">
        <ele>53.25</ele>
      </trkpt>
      <trkpt lat="23.333391" lon="110.949981">
        <ele>48.75</ele>
      </trkpt>
      <trkpt lat="23.333261" lon="110.951268">
        <ele>47.5</ele>
      </trkpt>
      <trkpt lat="23.333098" lon="110.95394">
        <ele>47.5</ele>
      </trkpt>
      <trkpt lat="23.333076" lon="110.956655">
        <ele>64.5</ele>
      </trkpt>
      <trkpt lat="23.333947" lon="110.966088">
        <ele>73.25</ele>
      </trkpt>
      <trkpt lat="23.334765" lon="110.971603">
        <ele>45.5</ele>
      </trkpt>
      <trkpt lat="23.33528" lon="110.97508">
        <ele>48.25</ele>
      </trkpt>
      <trkpt lat="23.335529" lon="110.976757">
        <ele>50.25</ele>
      </trkpt>
      <trkpt lat="23.336513" lon="110.982712">
        <ele>47.75</ele>
      </trkpt>
      <trkpt lat="23.33735" lon="110.988609">
        <ele>52</ele>
      </trkpt>
      <trkpt lat="23.339861" lon="111.004938">
        <ele>51.25</ele>
      </trkpt>
      <trkpt lat="23.343292" lon="111.027542">
        <ele>40.25</ele>
      </trkpt>
      <trkpt lat="23.343484" lon="111.029754">
        <ele>46.75</ele>
      </trkpt>
      <trkpt lat="23.344495" lon="111.039643">
        <ele>41.25</ele>
      </trkpt>
      <trkpt lat="23.344668" lon="111.041417">
        <ele>45.25</ele>
      </trkpt>
      <trkpt lat="23.344919" lon="111.043338">
        <ele>51.25</ele>
      </trkpt>
      <trkpt lat="23.34526" lon="111.045292">
        <ele>57.75</ele>
      </trkpt>
      <trkpt lat="23.345704" lon="111.047237">
        <ele>41.25</ele>
      </trkpt>
      <trkpt lat="23.346874" lon="111.051726">
        <ele>49.25</ele>
      </trkpt>
      <trkpt lat="23.347159" lon="111.052573">
        <ele>51.25</ele>
      </trkpt>
      <trkpt lat="23.348021" lon="111.054963">
        <ele>40</ele>
      </trkpt>
      <trkpt lat="23.349815" lon="111.059249">
        <ele>52.75</ele>
      </trkpt>
      <trkpt lat="23.35006" lon="111.05975">
        <ele>51.75</ele>
      </trkpt>
      <trkpt lat="23.350738" lon="111.061062">
        <ele>54.75</ele>
      </trkpt>
      <trkpt lat="23.351495" lon="111.062354">
        <ele>41.75</ele>
      </trkpt>
      <trkpt lat="23.352418" lon="111.063988">
        <ele>43.75</ele>
      </trkpt>
      <trkpt lat="23.359904" lon="111.076327">
        <ele>41.25</ele>
      </trkpt>
      <trkpt lat="23.361894" lon="111.080352">
        <ele>37</ele>
      </trkpt>
      <trkpt lat="23.363325" lon="111.083674">
        <ele>32.75</ele>
      </trkpt>
      <trkpt lat="23.366183" lon="111.091285">
        <ele>47.75</ele>
      </trkpt>
      <trkpt lat="23.3673" lon="111.094097">
        <ele>45</ele>
      </trkpt>
      <trkpt lat="23.369186" lon="111.098761">
        <ele>40.75</ele>
      </trkpt>
      <trkpt lat="23.369968" lon="111.100555">
        <ele>39.25</ele>
      </trkpt>
      <trkpt lat="23.378502" lon="111.117669">
        <ele>39.25</ele>
      </trkpt>
      <trkpt lat="23.38036" lon="111.122188">
        <ele>41</ele>
      </trkpt>
      <trkpt lat="23.382086" lon="111.126486">
        <ele>46.25</ele>
      </trkpt>
      <trkpt lat="23.382504" lon="111.12758">
        <ele>53.75</ele>
      </trkpt>
      <trkpt lat="23.382616" lon="111.127888">
        <ele>56</ele>
      </trkpt>
      <trkpt lat="23.383592" lon="111.130189">
        <ele>52.5</ele>
      </trkpt>
      <trkpt lat="23.386189" lon="111.136769">
        <ele>77</ele>
      </trkpt>
      <trkpt lat="23.387138" lon="111.1394">
        <ele>81</ele>
      </trkpt>
      <trkpt lat="23.387995" lon="111.142082">
        <ele>57.5</ele>
      </trkpt>
      <trkpt lat="23.390667" lon="111.151576">
        <ele>66.25</ele>
      </trkpt>
      <trkpt lat="23.39099" lon="111.152502">
        <ele>58.5</ele>
      </trkpt>
      <trkpt lat="23.393868" lon="111.160759">
        <ele>61.75</ele>
      </trkpt>
      <trkpt lat="23.394112" lon="111.161458">
        <ele>61.25</ele>
      </trkpt>
      <trkpt lat="23.394832" lon="111.163524">
        <ele>48.5</ele>
      </trkpt>
      <trkpt lat="23.396037" lon="111.16682">
        <ele>53.25</ele>
      </trkpt>
      <trkpt lat="23.397287" lon="111.170828">
        <ele>54.5</ele>
      </trkpt>
      <trkpt lat="23.397341" lon="111.171043">
        <ele>50.75</ele>
      </trkpt>
      <trkpt lat="23.39753" lon="111.171799">
        <ele>43.5</ele>
      </trkpt>
      <trkpt lat="23.39771" lon="111.17252">
        <ele>41.75</ele>
      </trkpt>
      <trkpt lat="23.398176" lon="111.174773">
        <ele>36.5</ele>
      </trkpt>
      <trkpt lat="23.398278" lon="111.175453">
        <ele>35</ele>
      </trkpt>
      <trkpt lat="23.398401" lon="111.176271">
        <ele>36.75</ele>
      </trkpt>
      <trkpt lat="23.398732" lon="111.178477">
        <ele>42</ele>
      </trkpt>
      <trkpt lat="23.398925" lon="111.180957">
        <ele>47.75</ele>
      </trkpt>
      <trkpt lat="23.399031" lon="111.183258">
        <ele>53.25</ele>
      </trkpt>
      <trkpt lat="23.399076" lon="111.184238">
        <ele>55.5</ele>
      </trkpt>
      <trkpt lat="23.399103" lon="111.185744">
        <ele>59</ele>
      </trkpt>
      <trkpt lat="23.399005" lon="111.188275">
        <ele>56.5</ele>
      </trkpt>
      <trkpt lat="23.398707" lon="111.191847">
        <ele>53</ele>
      </trkpt>
      <trkpt lat="23.398541" lon="111.19319">
        <ele>51.75</ele>
      </trkpt>
      <trkpt lat="23.397946" lon="111.198004">
        <ele>51.75</ele>
      </trkpt>
      <trkpt lat="23.397723" lon="111.199804">
        <ele>59.75</ele>
      </trkpt>
      <trkpt lat="23.397482" lon="111.201813">
        <ele>56</ele>
      </trkpt>
      <trkpt lat="23.397312" lon="111.203236">
        <ele>63.75</ele>
      </trkpt>
      <trkpt lat="23.39715" lon="111.204582">
        <ele>40.25</ele>
      </trkpt>
      <trkpt lat="23.39683" lon="111.207256">
        <ele>64.75</ele>
      </trkpt>
      <trkpt lat="23.396475" lon="111.210124">
        <ele>38.75</ele>
      </trkpt>
      <trkpt lat="23.396035" lon="111.213689">
        <ele>46.75</ele>
      </trkpt>
      <trkpt lat="23.395905" lon="111.214753">
        <ele>43.75</ele>
      </trkpt>
      <trkpt lat="23.394997" lon="111.222178">
        <ele>49.25</ele>
      </trkpt>
      <trkpt lat="23.394801" lon="111.223853">
        <ele>48.75</ele>
      </trkpt>
      <trkpt lat="23.393966" lon="111.230995">
        <ele>45.25</ele>
      </trkpt>
      <trkpt lat="23.393411" lon="111.23478">
        <ele>43.5</ele>
      </trkpt>
      <trkpt lat="23.392566" lon="111.238609">
        <ele>41.75</ele>
      </trkpt>
      <trkpt lat="23.392144" lon="111.240253">
        <ele>42.5</ele>
      </trkpt>
      <trkpt lat="23.391323" lon="111.242881">
        <ele>44.25</ele>
      </trkpt>
      <trkpt lat="23.390319" lon="111.245542">
        <ele>46</ele>
      </trkpt>
      <trkpt lat="23.389689" lon="111.247129">
        <ele>47</ele>
      </trkpt>
      <trkpt lat="23.389098" lon="111.248503">
        <ele>47.75</ele>
      </trkpt>
      <trkpt lat="23.388133" lon="111.250498">
        <ele>49.25</ele>
      </trkpt>
      <trkpt lat="23.386764" lon="111.253009">
        <ele>50.75</ele>
      </trkpt>
      <trkpt lat="23.38572" lon="111.254725">
        <ele>52</ele>
      </trkpt>
      <trkpt lat="23.384282" lon="111.256861">
        <ele>53.5</ele>
      </trkpt>
      <trkpt lat="23.383603" lon="111.257794">
        <ele>54.25</ele>
      </trkpt>
      <trkpt lat="23.382505" lon="111.259264">
        <ele>55.5</ele>
      </trkpt>
      <trkpt lat="23.380865" lon="111.261318">
        <ele>55.5</ele>
      </trkpt>
      <trkpt lat="23.379142" lon="111.263373">
        <ele>67</ele>
      </trkpt>
      <trkpt lat="23.377507" lon="111.265277">
        <ele>52.25</ele>
      </trkpt>
      <trkpt lat="23.376571" lon="111.266346">
        <ele>43.75</ele>
      </trkpt>
      <trkpt lat="23.375487" lon="111.267653">
        <ele>46.5</ele>
      </trkpt>
      <trkpt lat="23.371608" lon="111.272234">
        <ele>49.75</ele>
      </trkpt>
      <trkpt lat="23.370563" lon="111.273484">
        <ele>47.5</ele>
      </trkpt>
      <trkpt lat="23.369687" lon="111.274531">
        <ele>54</ele>
      </trkpt>
      <trkpt lat="23.36725" lon="111.277524">
        <ele>60.75</ele>
      </trkpt>
      <trkpt lat="23.366153" lon="111.278999">
        <ele>64</ele>
      </trkpt>
      <trkpt lat="23.364953" lon="111.280897">
        <ele>68</ele>
      </trkpt>
      <trkpt lat="23.364266" lon="111.281945">
        <ele>68</ele>
      </trkpt>
      <trkpt lat="23.363104" lon="111.283924">
        <ele>63.5</ele>
      </trkpt>
      <trkpt lat="23.362253" lon="111.285502">
        <ele>67.5</ele>
      </trkpt>
      <trkpt lat="23.361937" lon="111.286132">
        <ele>66</ele>
      </trkpt>
      <trkpt lat="23.361268" lon="111.28747">
        <ele>57.25</ele>
      </trkpt>
      <trkpt lat="23.360631" lon="111.288875">
        <ele>55.25</ele>
      </trkpt>
      <trkpt lat="23.359149" lon="111.292411">
        <ele>50.75</ele>
      </trkpt>
      <trkpt lat="23.356992" lon="111.297528">
        <ele>44.5</ele>
      </trkpt>
      <trkpt lat="23.355677" lon="111.300345">
        <ele>40.75</ele>
      </trkpt>
      <trkpt lat="23.355074" lon="111.301589">
        <ele>39</ele>
      </trkpt>
      <trkpt lat="23.354982" lon="111.301766">
        <ele>39.25</ele>
      </trkpt>
      <trkpt lat="23.354036" lon="111.303577">
        <ele>46.5</ele>
      </trkpt>
      <trkpt lat="23.353798" lon="111.304013">
        <ele>47.75</ele>
      </trkpt>
      <trkpt lat="23.352638" lon="111.306032">
        <ele>45.75</ele>
      </trkpt>
      <trkpt lat="23.351637" lon="111.307707">
        <ele>53</ele>
      </trkpt>
      <trkpt lat="23.350721" lon="111.30917">
        <ele>65</ele>
      </trkpt>
      <trkpt lat="23.350223" lon="111.309878">
        <ele>61.75</ele>
      </trkpt>
      <trkpt lat="23.3489" lon="111.311761">
        <ele>50.75</ele>
      </trkpt>
      <trkpt lat="23.348509" lon="111.312294">
        <ele>59</ele>
      </trkpt>
      <trkpt lat="23.34675" lon="111.314696">
        <ele>62.75</ele>
      </trkpt>
      <trkpt lat="23.345703" lon="111.316125">
        <ele>73.75</ele>
      </trkpt>
      <trkpt lat="23.345027" lon="111.317047">
        <ele>82</ele>
      </trkpt>
      <trkpt lat="23.344377" lon="111.317911">
        <ele>77.5</ele>
      </trkpt>
      <trkpt lat="23.343372" lon="111.319246">
        <ele>87.75</ele>
      </trkpt>
      <trkpt lat="23.340979" lon="111.322326">
        <ele>56.25</ele>
      </trkpt>
      <trkpt lat="23.339399" lon="111.324477">
        <ele>67.25</ele>
      </trkpt>
      <trkpt lat="23.336646" lon="111.328073">
        <ele>70.75</ele>
      </trkpt>
      <trkpt lat="23.334414" lon="111.331058">
        <ele>70.75</ele>
      </trkpt>
      <trkpt lat="23.332478" lon="111.333676">
        <ele>85</ele>
      </trkpt>
      <trkpt lat="23.331006" lon="111.335712">
        <ele>77</ele>
      </trkpt>
      <trkpt lat="23.330085" lon="111.337069">
        <ele>85</ele>
      </trkpt>
      <trkpt lat="23.328656" lon="111.339408">
        <ele>94</ele>
      </trkpt>
      <trkpt lat="23.327967" lon="111.340642">
        <ele>93.5</ele>
      </trkpt>
      <trkpt lat="23.322626" lon="111.354653">
        <ele>90.25</ele>
      </trkpt>
      <trkpt lat="23.320765" lon="111.358199">
        <ele>89.5</ele>
      </trkpt>
      <trkpt lat="23.31973" lon="111.360794">
        <ele>88.75</ele>
      </trkpt>
      <trkpt lat="23.318194" lon="111.363541">
        <ele>88.25</ele>
      </trkpt>
      <trkpt lat="23.316637" lon="111.366395">
        <ele>87.5</ele>
      </trkpt>
      <trkpt lat="23.315435" lon="111.368884">
        <ele>86.75</ele>
      </trkpt>
      <trkpt lat="23.314075" lon="111.371394">
        <ele>86.25</ele>
      </trkpt>
      <trkpt lat="23.312814" lon="111.373798">
        <ele>85.5</ele>
      </trkpt>
      <trkpt lat="23.311592" lon="111.375922">
        <ele>85</ele>
      </trkpt>
      <trkpt lat="23.310292" lon="111.377896">
        <ele>84.5</ele>
      </trkpt>
      <trkpt lat="23.309129" lon="111.379677">
        <ele>84</ele>
      </trkpt>
      <trkpt lat="23.307375" lon="111.382145">
        <ele>83.5</ele>
      </trkpt>
      <trkpt lat="23.303197" lon="111.387831">
        <ele>81.75</ele>
      </trkpt>
      <trkpt lat="23.301271" lon="111.390599">
        <ele>81.25</ele>
      </trkpt>
      <trkpt lat="23.298989" lon="111.393626">
        <ele>81.25</ele>
      </trkpt>
      <trkpt lat="23.298088" lon="111.394721">
        <ele>69.5</ele>
      </trkpt>
      <trkpt lat="23.297235" lon="111.39559">
        <ele>66</ele>
      </trkpt>
      <trkpt lat="23.296436" lon="111.39643">
        <ele>99.25</ele>
      </trkpt>
      <trkpt lat="23.295309" lon="111.397535">
        <ele>90.5</ele>
      </trkpt>
      <trkpt lat="23.292437" lon="111.400357">
        <ele>86.75</ele>
      </trkpt>
      <trkpt lat="23.290255" lon="111.402506">
        <ele>85</ele>
      </trkpt>
      <trkpt lat="23.289323" lon="111.403602">
        <ele>84</ele>
      </trkpt>
      <trkpt lat="23.287608" lon="111.405126">
        <ele>82.75</ele>
      </trkpt>
      <trkpt lat="23.28611" lon="111.406542">
        <ele>81.5</ele>
      </trkpt>
      <trkpt lat="23.284967" lon="111.407722">
        <ele>80.75</ele>
      </trkpt>
      <trkpt lat="23.283193" lon="111.409675">
        <ele>79.25</ele>
      </trkpt>
      <trkpt lat="23.281774" lon="111.411134">
        <ele>78</ele>
      </trkpt>
      <trkpt lat="23.280295" lon="111.413237">
        <ele>76.5</ele>
      </trkpt>
      <trkpt lat="23.278659" lon="111.415683">
        <ele>75</ele>
      </trkpt>
      <trkpt lat="23.277516" lon="111.417442">
        <ele>73.75</ele>
      </trkpt>
      <trkpt lat="23.276215" lon="111.419309">
        <ele>72.5</ele>
      </trkpt>
      <trkpt lat="23.27521" lon="111.420811">
        <ele>71.5</ele>
      </trkpt>
      <trkpt lat="23.274067" lon="111.422549">
        <ele>70.5</ele>
      </trkpt>
      <trkpt lat="23.273061" lon="111.424094">
        <ele>69.25</ele>
      </trkpt>
      <trkpt lat="23.271977" lon="111.425832">
        <ele>68.25</ele>
      </trkpt>
      <trkpt lat="23.270834" lon="111.42757">
        <ele>67</ele>
      </trkpt>
      <trkpt lat="23.269789" lon="111.429416">
        <ele>66</ele>
      </trkpt>
      <trkpt lat="23.268705" lon="111.43154">
        <ele>64.5</ele>
      </trkpt>
      <trkpt lat="23.268143" lon="111.432688">
        <ele>63.75</ele>
      </trkpt>
      <trkpt lat="23.267395" lon="111.434397">
        <ele>64</ele>
      </trkpt>
      <trkpt lat="23.267148" lon="111.434963">
        <ele>56.5</ele>
      </trkpt>
      <trkpt lat="23.266566" lon="111.436396">
        <ele>65.5</ele>
      </trkpt>
      <trkpt lat="23.266142" lon="111.437484">
        <ele>64.5</ele>
      </trkpt>
      <trkpt lat="23.265354" lon="111.439136">
        <ele>46</ele>
      </trkpt>
      <trkpt lat="23.264531" lon="111.441094">
        <ele>53.25</ele>
      </trkpt>
      <trkpt lat="23.263915" lon="111.442398">
        <ele>58</ele>
      </trkpt>
      <trkpt lat="23.26321" lon="111.443787">
        <ele>63.5</ele>
      </trkpt>
      <trkpt lat="23.262466" lon="111.445166">
        <ele>69</ele>
      </trkpt>
      <trkpt lat="23.261465" lon="111.446947">
        <ele>63.75</ele>
      </trkpt>
      <trkpt lat="23.260228" lon="111.449007">
        <ele>58</ele>
      </trkpt>
      <trkpt lat="23.258736" lon="111.451036">
        <ele>51.75</ele>
      </trkpt>
      <trkpt lat="23.25668" lon="111.453642">
        <ele>43.5</ele>
      </trkpt>
      <trkpt lat="23.252534" lon="111.458661">
        <ele>43.5</ele>
      </trkpt>
      <trkpt lat="23.251922" lon="111.459436">
        <ele>50.25</ele>
      </trkpt>
      <trkpt lat="23.242877" lon="111.470225">
        <ele>56.75</ele>
      </trkpt>
      <trkpt lat="23.24086" lon="111.47263">
        <ele>39.25</ele>
      </trkpt>
      <trkpt lat="23.237932" lon="111.475834">
        <ele>43.25</ele>
      </trkpt>
      <trkpt lat="23.236008" lon="111.477822">
        <ele>45.75</ele>
      </trkpt>
      <trkpt lat="23.235699" lon="111.478084">
        <ele>46</ele>
      </trkpt>
      <trkpt lat="23.23529" lon="111.47846">
        <ele>46.75</ele>
      </trkpt>
      <trkpt lat="23.233929" lon="111.479561">
        <ele>46.75</ele>
      </trkpt>
      <trkpt lat="23.23239" lon="111.480828">
        <ele>47</ele>
      </trkpt>
      <trkpt lat="23.231385" lon="111.481631">
        <ele>49.25</ele>
      </trkpt>
      <trkpt lat="23.230694" lon="111.482137">
        <ele>50.75</ele>
      </trkpt>
      <trkpt lat="23.229196" lon="111.483167">
        <ele>54</ele>
      </trkpt>
      <trkpt lat="23.227436" lon="111.484208">
        <ele>57.75</ele>
      </trkpt>
      <trkpt lat="23.224838" lon="111.485689">
        <ele>63.25</ele>
      </trkpt>
      <trkpt lat="23.220756" lon="111.487874">
        <ele>63.25</ele>
      </trkpt>
      <trkpt lat="23.220071" lon="111.488183">
        <ele>61.25</ele>
      </trkpt>
      <trkpt lat="23.21764" lon="111.489465">
        <ele>68</ele>
      </trkpt>
      <trkpt lat="23.216829" lon="111.489897">
        <ele>68</ele>
      </trkpt>
      <trkpt lat="23.216048" lon="111.490313">
        <ele>65.75</ele>
      </trkpt>
      <trkpt lat="23.214459" lon="111.491143">
        <ele>45.25</ele>
      </trkpt>
      <trkpt lat="23.212777" lon="111.492022">
        <ele>48.75</ele>
      </trkpt>
      <trkpt lat="23.210378" lon="111.493247">
        <ele>72</ele>
      </trkpt>
      <trkpt lat="23.20881" lon="111.494148">
        <ele>68.5</ele>
      </trkpt>
      <trkpt lat="23.205788" lon="111.496128">
        <ele>66</ele>
      </trkpt>
      <trkpt lat="23.205099" lon="111.49659">
        <ele>56.75</ele>
      </trkpt>
      <trkpt lat="23.203969" lon="111.497404">
        <ele>54</ele>
      </trkpt>
      <trkpt lat="23.203321" lon="111.497912">
        <ele>51.75</ele>
      </trkpt>
      <trkpt lat="23.202249" lon="111.498752">
        <ele>70</ele>
      </trkpt>
      <trkpt lat="23.20033" lon="111.500462">
        <ele>65</ele>
      </trkpt>
      <trkpt lat="23.200082" lon="111.500699">
        <ele>56.75</ele>
      </trkpt>
      <trkpt lat="23.198014" lon="111.502747">
        <ele>54.5</ele>
      </trkpt>
      <trkpt lat="23.196637" lon="111.504142">
        <ele>70.75</ele>
      </trkpt>
      <trkpt lat="23.194418" lon="111.506572">
        <ele>68.75</ele>
      </trkpt>
      <trkpt lat="23.19411" lon="111.506889">
        <ele>70.75</ele>
      </trkpt>
      <trkpt lat="23.186712" lon="111.514928">
        <ele>62</ele>
      </trkpt>
      <trkpt lat="23.186346" lon="111.515321">
        <ele>62.5</ele>
      </trkpt>
      <trkpt lat="23.184499" lon="111.517308">
        <ele>66</ele>
      </trkpt>
      <trkpt lat="23.182461" lon="111.519301">
        <ele>69.75</ele>
      </trkpt>
      <trkpt lat="23.182146" lon="111.519609">
        <ele>69.75</ele>
      </trkpt>
      <trkpt lat="23.181262" lon="111.520391">
        <ele>67.25</ele>
      </trkpt>
      <trkpt lat="23.178609" lon="111.522776">
        <ele>66.25</ele>
      </trkpt>
      <trkpt lat="23.177526" lon="111.523735">
        <ele>53.25</ele>
      </trkpt>
      <trkpt lat="23.177303" lon="111.523933">
        <ele>41.5</ele>
      </trkpt>
      <trkpt lat="23.176302" lon="111.524825">
        <ele>30.5</ele>
      </trkpt>
      <trkpt lat="23.174101" lon="111.526888">
        <ele>41.75</ele>
      </trkpt>
      <trkpt lat="23.172972" lon="111.528064">
        <ele>44.5</ele>
      </trkpt>
      <trkpt lat="23.171571" lon="111.529588">
        <ele>48</ele>
      </trkpt>
      <trkpt lat="23.170338" lon="111.530961">
        <ele>51.25</ele>
      </trkpt>
      <trkpt lat="23.169299" lon="111.532278">
        <ele>54.25</ele>
      </trkpt>
      <trkpt lat="23.168267" lon="111.533663">
        <ele>54.25</ele>
      </trkpt>
      <trkpt lat="23.167119" lon="111.535206">
        <ele>51</ele>
      </trkpt>
      <trkpt lat="23.166565" lon="111.53603">
        <ele>29.5</ele>
      </trkpt>
      <trkpt lat="23.165804" lon="111.537109">
        <ele>30.75</ele>
      </trkpt>
      <trkpt lat="23.165394" lon="111.53769">
        <ele>25</ele>
      </trkpt>
      <trkpt lat="23.163682" lon="111.540071">
        <ele>39.5</ele>
      </trkpt>
      <trkpt lat="23.163183" lon="111.540721">
        <ele>34.75</ele>
      </trkpt>
      <trkpt lat="23.162979" lon="111.540987">
        <ele>34.5</ele>
      </trkpt>
      <trkpt lat="23.162591" lon="111.541495">
        <ele>34.25</ele>
      </trkpt>
      <trkpt lat="23.161606" lon="111.542639">
        <ele>33.5</ele>
      </trkpt>
      <trkpt lat="23.160834" lon="111.543587">
        <ele>33</ele>
      </trkpt>
      <trkpt lat="23.159955" lon="111.5445">
        <ele>32.5</ele>
      </trkpt>
      <trkpt lat="23.158484" lon="111.546056">
        <ele>31.5</ele>
      </trkpt>
      <trkpt lat="23.156753" lon="111.547642">
        <ele>30.5</ele>
      </trkpt>
      <trkpt lat="23.155868" lon="111.54854">
        <ele>30</ele>
      </trkpt>
      <trkpt lat="23.155155" lon="111.549177">
        <ele>29.5</ele>
      </trkpt>
      <trkpt lat="23.15393" lon="111.5503">
        <ele>29.75</ele>
      </trkpt>
      <trkpt lat="23.152483" lon="111.551649">
        <ele>38.75</ele>
      </trkpt>
      <trkpt lat="23.150868" lon="111.553217">
        <ele>30.5</ele>
      </trkpt>
      <trkpt lat="23.149157" lon="111.555174">
        <ele>32</ele>
      </trkpt>
      <trkpt lat="23.14478" lon="111.559896">
        <ele>36.5</ele>
      </trkpt>
      <trkpt lat="23.140123" lon="111.565819">
        <ele>41.5</ele>
      </trkpt>
      <trkpt lat="23.135625" lon="111.572342">
        <ele>46.75</ele>
      </trkpt>
      <trkpt lat="23.132388" lon="111.579466">
        <ele>51.75</ele>
      </trkpt>
      <trkpt lat="23.130196" lon="111.584925">
        <ele>55.75</ele>
      </trkpt>
      <trkpt lat="23.130138" lon="111.585115">
        <ele>55.75</ele>
      </trkpt>
      <trkpt lat="23.12956" lon="111.587034">
        <ele>59.75</ele>
      </trkpt>
      <trkpt lat="23.129518" lon="111.587173">
        <ele>62.75</ele>
      </trkpt>
      <trkpt lat="23.129199" lon="111.588435">
        <ele>66.5</ele>
      </trkpt>
      <trkpt lat="23.12904" lon="111.58906">
        <ele>65.5</ele>
      </trkpt>
      <trkpt lat="23.128509" lon="111.591707">
        <ele>61.25</ele>
      </trkpt>
      <trkpt lat="23.128146" lon="111.594079">
        <ele>57.75</ele>
      </trkpt>
      <trkpt lat="23.127855" lon="111.596493">
        <ele>54.25</ele>
      </trkpt>
      <trkpt lat="23.12783" lon="111.596934">
        <ele>54.5</ele>
      </trkpt>
      <trkpt lat="23.12767" lon="111.599971">
        <ele>56.5</ele>
      </trkpt>
      <trkpt lat="23.127657" lon="111.601728">
        <ele>57.75</ele>
      </trkpt>
      <trkpt lat="23.127667" lon="111.603917">
        <ele>59.25</ele>
      </trkpt>
      <trkpt lat="23.127817" lon="111.606859">
        <ele>59.25</ele>
      </trkpt>
      <trkpt lat="23.128045" lon="111.60949">
        <ele>62.25</ele>
      </trkpt>
      <trkpt lat="23.128346" lon="111.611617">
        <ele>70</ele>
      </trkpt>
      <trkpt lat="23.132403" lon="111.641779">
        <ele>96</ele>
      </trkpt>
      <trkpt lat="23.132596" lon="111.643179">
        <ele>83</ele>
      </trkpt>
      <trkpt lat="23.13592" lon="111.667925">
        <ele>97.5</ele>
      </trkpt>
      <trkpt lat="23.135952" lon="111.668187">
        <ele>89.75</ele>
      </trkpt>
      <trkpt lat="23.136157" lon="111.66991">
        <ele>86.75</ele>
      </trkpt>
      <trkpt lat="23.136305" lon="111.671133">
        <ele>86.5</ele>
      </trkpt>
      <trkpt lat="23.136391" lon="111.672291">
        <ele>77</ele>
      </trkpt>
      <trkpt lat="23.136473" lon="111.674164">
        <ele>76.5</ele>
      </trkpt>
      <trkpt lat="23.136891" lon="111.687161">
        <ele>73</ele>
      </trkpt>
      <trkpt lat="23.136456" lon="111.701558">
        <ele>69.25</ele>
      </trkpt>
      <trkpt lat="23.135837" lon="111.713555">
        <ele>66.25</ele>
      </trkpt>
      <trkpt lat="23.135811" lon="111.714038">
        <ele>66.25</ele>
      </trkpt>
      <trkpt lat="23.135752" lon="111.715133">
        <ele>54.5</ele>
      </trkpt>
      <trkpt lat="23.135605" lon="111.716881">
        <ele>56.25</ele>
      </trkpt>
      <trkpt lat="23.134725" lon="111.72302">
        <ele>62.75</ele>
      </trkpt>
      <trkpt lat="23.133789" lon="111.726551">
        <ele>66.5</ele>
      </trkpt>
      <trkpt lat="23.132789" lon="111.729384">
        <ele>69.75</ele>
      </trkpt>
      <trkpt lat="23.130336" lon="111.735935">
        <ele>77.25</ele>
      </trkpt>
      <trkpt lat="23.128299" lon="111.740012">
        <ele>75</ele>
      </trkpt>
      <trkpt lat="23.126567" lon="111.743577">
        <ele>73</ele>
      </trkpt>
      <trkpt lat="23.124915" lon="111.747566">
        <ele>71</ele>
      </trkpt>
      <trkpt lat="23.123124" lon="111.753096">
        <ele>68.5</ele>
      </trkpt>
      <trkpt lat="23.122995" lon="111.753697">
        <ele>68.5</ele>
      </trkpt>
      <trkpt lat="23.122201" lon="111.757017">
        <ele>58.5</ele>
      </trkpt>
      <trkpt lat="23.121877" lon="111.758719">
        <ele>57.75</ele>
      </trkpt>
      <trkpt lat="23.121693" lon="111.759689">
        <ele>57.25</ele>
      </trkpt>
      <trkpt lat="23.121525" lon="111.761808">
        <ele>56.5</ele>
      </trkpt>
      <trkpt lat="23.121353" lon="111.764265">
        <ele>55.5</ele>
      </trkpt>
      <trkpt lat="23.12119" lon="111.76728">
        <ele>55.5</ele>
      </trkpt>
      <trkpt lat="23.121219" lon="111.768454">
        <ele>50</ele>
      </trkpt>
      <trkpt lat="23.121313" lon="111.770353">
        <ele>58</ele>
      </trkpt>
      <trkpt lat="23.121382" lon="111.771238">
        <ele>74.25</ele>
      </trkpt>
      <trkpt lat="23.121525" lon="111.774838">
        <ele>62</ele>
      </trkpt>
      <trkpt lat="23.121556" lon="111.776309">
        <ele>52.25</ele>
      </trkpt>
      <trkpt lat="23.121565" lon="111.776705">
        <ele>48.5</ele>
      </trkpt>
      <trkpt lat="23.121597" lon="111.777553">
        <ele>45</ele>
      </trkpt>
      <trkpt lat="23.121676" lon="111.779631">
        <ele>28.5</ele>
      </trkpt>
      <trkpt lat="23.122024" lon="111.787987">
        <ele>48</ele>
      </trkpt>
      <trkpt lat="23.12207" lon="111.789414">
        <ele>54.5</ele>
      </trkpt>
      <trkpt lat="23.122202" lon="111.793518">
        <ele>53.5</ele>
      </trkpt>
      <trkpt lat="23.122379" lon="111.797896">
        <ele>52.75</ele>
      </trkpt>
      <trkpt lat="23.122261" lon="111.802338">
        <ele>51.75</ele>
      </trkpt>
      <trkpt lat="23.121792" lon="111.806575">
        <ele>51</ele>
      </trkpt>
      <trkpt lat="23.121711" lon="111.807117">
        <ele>50</ele>
      </trkpt>
      <trkpt lat="23.121353" lon="111.809483">
        <ele>46.25</ele>
      </trkpt>
      <trkpt lat="23.1212" lon="111.810407">
        <ele>44.5</ele>
      </trkpt>
      <trkpt lat="23.12085" lon="111.812626">
        <ele>44.75</ele>
      </trkpt>
      <trkpt lat="23.120613" lon="111.814365">
        <ele>47.75</ele>
      </trkpt>
      <trkpt lat="23.120258" lon="111.818023">
        <ele>65.75</ele>
      </trkpt>
      <trkpt lat="23.120248" lon="111.81881">
        <ele>62.75</ele>
      </trkpt>
      <trkpt lat="23.120219" lon="111.820405">
        <ele>56.5</ele>
      </trkpt>
      <trkpt lat="23.120191" lon="111.822705">
        <ele>48</ele>
      </trkpt>
      <trkpt lat="23.120164" lon="111.82306">
        <ele>48</ele>
      </trkpt>
      <trkpt lat="23.12012" lon="111.827094">
        <ele>42.5</ele>
      </trkpt>
      <trkpt lat="23.120051" lon="111.83049">
        <ele>56.5</ele>
      </trkpt>
      <trkpt lat="23.119887" lon="111.83272">
        <ele>65.75</ele>
      </trkpt>
      <trkpt lat="23.119523" lon="111.835447">
        <ele>66</ele>
      </trkpt>
      <trkpt lat="23.119443" lon="111.836035">
        <ele>66</ele>
      </trkpt>
      <trkpt lat="23.119321" lon="111.83667">
        <ele>66.25</ele>
      </trkpt>
      <trkpt lat="23.118354" lon="111.840039">
        <ele>68</ele>
      </trkpt>
      <trkpt lat="23.116834" lon="111.844566">
        <ele>70.25</ele>
      </trkpt>
      <trkpt lat="23.112141" lon="111.858158">
        <ele>77.25</ele>
      </trkpt>
      <trkpt lat="23.109759" lon="111.866035">
        <ele>81.5</ele>
      </trkpt>
      <trkpt lat="23.109473" lon="111.86715">
        <ele>81.5</ele>
      </trkpt>
      <trkpt lat="23.10779" lon="111.875036">
        <ele>100</ele>
      </trkpt>
      <trkpt lat="23.107672" lon="111.875615">
        <ele>99.25</ele>
      </trkpt>
      <trkpt lat="23.106832" lon="111.878972">
        <ele>95.75</ele>
      </trkpt>
      <trkpt lat="23.104365" lon="111.886354">
        <ele>88</ele>
      </trkpt>
      <trkpt lat="23.100813" lon="111.895151">
        <ele>78.5</ele>
      </trkpt>
      <trkpt lat="23.09726" lon="111.902103">
        <ele>70.5</ele>
      </trkpt>
      <trkpt lat="23.09394" lon="111.910709">
        <ele>61.25</ele>
      </trkpt>
      <trkpt lat="23.093481" lon="111.912158">
        <ele>61.25</ele>
      </trkpt>
      <trkpt lat="23.092815" lon="111.914261">
        <ele>65.75</ele>
      </trkpt>
      <trkpt lat="23.091082" lon="111.919441">
        <ele>77.5</ele>
      </trkpt>
      <trkpt lat="23.089874" lon="111.922865">
        <ele>85.5</ele>
      </trkpt>
      <trkpt lat="23.088828" lon="111.925145">
        <ele>84.75</ele>
      </trkpt>
      <trkpt lat="23.085016" lon="111.931153">
        <ele>83.25</ele>
      </trkpt>
      <trkpt lat="23.078191" lon="111.939409">
        <ele>80.75</ele>
      </trkpt>
      <trkpt lat="23.066363" lon="111.962197">
        <ele>75.25</ele>
      </trkpt>
      <trkpt lat="23.066157" lon="111.96255">
        <ele>75.25</ele>
      </trkpt>
      <trkpt lat="23.066045" lon="111.962733">
        <ele>79.75</ele>
      </trkpt>
      <trkpt lat="23.065933" lon="111.962911">
        <ele>85.5</ele>
      </trkpt>
      <trkpt lat="23.064142" lon="111.965652">
        <ele>75.75</ele>
      </trkpt>
      <trkpt lat="23.064" lon="111.965878">
        <ele>68.25</ele>
      </trkpt>
      <trkpt lat="23.063352" lon="111.967127">
        <ele>68.5</ele>
      </trkpt>
      <trkpt lat="23.061866" lon="111.97006">
        <ele>69</ele>
      </trkpt>
      <trkpt lat="23.060286" lon="111.973815">
        <ele>70</ele>
      </trkpt>
      <trkpt lat="23.059132" lon="111.976922">
        <ele>70.5</ele>
      </trkpt>
      <trkpt lat="23.058673" lon="111.978521">
        <ele>70.75</ele>
      </trkpt>
      <trkpt lat="23.058121" lon="111.980502">
        <ele>72.5</ele>
      </trkpt>
      <trkpt lat="23.058038" lon="111.980919">
        <ele>70.75</ele>
      </trkpt>
      <trkpt lat="23.057522" lon="111.983321">
        <ele>60.75</ele>
      </trkpt>
      <trkpt lat="23.057005" lon="111.986122">
        <ele>49.25</ele>
      </trkpt>
      <trkpt lat="23.056912" lon="111.986819">
        <ele>49.25</ele>
      </trkpt>
      <trkpt lat="23.056561" lon="111.990103">
        <ele>47.75</ele>
      </trkpt>
      <trkpt lat="23.056396" lon="111.992315">
        <ele>47.25</ele>
      </trkpt>
      <trkpt lat="23.056322" lon="111.994228">
        <ele>47</ele>
      </trkpt>
      <trkpt lat="23.056309" lon="111.99662">
        <ele>46.5</ele>
      </trkpt>
      <trkpt lat="23.056381" lon="112.000096">
        <ele>46</ele>
      </trkpt>
      <trkpt lat="23.056472" lon="112.00517">
        <ele>45</ele>
      </trkpt>
      <trkpt lat="23.056491" lon="112.008825">
        <ele>44.5</ele>
      </trkpt>
      <trkpt lat="23.056353" lon="112.012515">
        <ele>43.75</ele>
      </trkpt>
      <trkpt lat="23.055982" lon="112.01662">
        <ele>44.75</ele>
      </trkpt>
      <trkpt lat="23.05537" lon="112.020679">
        <ele>45.75</ele>
      </trkpt>
      <trkpt lat="23.054028" lon="112.0263">
        <ele>47.5</ele>
      </trkpt>
      <trkpt lat="23.051895" lon="112.032094">
        <ele>49</ele>
      </trkpt>
      <trkpt lat="23.049666" lon="112.037241">
        <ele>50.75</ele>
      </trkpt>
      <trkpt lat="23.049348" lon="112.038108">
        <ele>50.75</ele>
      </trkpt>
      <trkpt lat="23.04753" lon="112.043058">
        <ele>50.75</ele>
      </trkpt>
      <trkpt lat="23.046759" lon="112.045156">
        <ele>51</ele>
      </trkpt>
      <trkpt lat="23.035838" lon="112.067104">
        <ele>56.25</ele>
      </trkpt>
      <trkpt lat="23.029484" lon="112.078142">
        <ele>58.75</ele>
      </trkpt>
      <trkpt lat="23.023717" lon="112.088184">
        <ele>61.25</ele>
      </trkpt>
      <trkpt lat="23.022428" lon="112.090635">
        <ele>62</ele>
      </trkpt>
      <trkpt lat="23.022066" lon="112.091669">
        <ele>62</ele>
      </trkpt>
      <trkpt lat="23.021617" lon="112.093123">
        <ele>66.75</ele>
      </trkpt>
      <trkpt lat="23.020719" lon="112.09583">
        <ele>50</ele>
      </trkpt>
      <trkpt lat="23.020022" lon="112.099373">
        <ele>47.5</ele>
      </trkpt>
      <trkpt lat="23.019397" lon="112.102215">
        <ele>51.25</ele>
      </trkpt>
      <trkpt lat="23.01914" lon="112.103561">
        <ele>47.25</ele>
      </trkpt>
      <trkpt lat="23.018703" lon="112.105697">
        <ele>52.75</ele>
      </trkpt>
      <trkpt lat="23.018539" lon="112.106444">
        <ele>49</ele>
      </trkpt>
      <trkpt lat="23.01823" lon="112.108085">
        <ele>57.25</ele>
      </trkpt>
      <trkpt lat="23.01804" lon="112.109188">
        <ele>48</ele>
      </trkpt>
      <trkpt lat="23.018" lon="112.109425">
        <ele>46</ele>
      </trkpt>
      <trkpt lat="23.017886" lon="112.110233">
        <ele>45.75</ele>
      </trkpt>
      <trkpt lat="23.017464" lon="112.113476">
        <ele>53.5</ele>
      </trkpt>
      <trkpt lat="23.01733" lon="112.114867">
        <ele>55.5</ele>
      </trkpt>
      <trkpt lat="23.017319" lon="112.115052">
        <ele>53.25</ele>
      </trkpt>
      <trkpt lat="23.017157" lon="112.116763">
        <ele>48</ele>
      </trkpt>
      <trkpt lat="23.017081" lon="112.11731">
        <ele>58</ele>
      </trkpt>
      <trkpt lat="23.0168" lon="112.119767">
        <ele>51</ele>
      </trkpt>
      <trkpt lat="23.016513" lon="112.122278">
        <ele>58.75</ele>
      </trkpt>
      <trkpt lat="23.016179" lon="112.126181">
        <ele>66.75</ele>
      </trkpt>
      <trkpt lat="23.015578" lon="112.13113">
        <ele>33</ele>
      </trkpt>
      <trkpt lat="23.01528" lon="112.133355">
        <ele>41</ele>
      </trkpt>
      <trkpt lat="23.01483" lon="112.136716">
        <ele>53.5</ele>
      </trkpt>
      <trkpt lat="23.014427" lon="112.141166">
        <ele>31</ele>
      </trkpt>
      <trkpt lat="23.014206" lon="112.14268">
        <ele>31.75</ele>
      </trkpt>
      <trkpt lat="23.013936" lon="112.144776">
        <ele>33</ele>
      </trkpt>
      <trkpt lat="23.01353" lon="112.148558">
        <ele>35.25</ele>
      </trkpt>
      <trkpt lat="23.013479" lon="112.149397">
        <ele>35.75</ele>
      </trkpt>
      <trkpt lat="23.013323" lon="112.150454">
        <ele>36.5</ele>
      </trkpt>
      <trkpt lat="23.01323" lon="112.151441">
        <ele>37</ele>
      </trkpt>
      <trkpt lat="23.013153" lon="112.152165">
        <ele>37.5</ele>
      </trkpt>
      <trkpt lat="23.012942" lon="112.154015">
        <ele>38.75</ele>
      </trkpt>
      <trkpt lat="23.012725" lon="112.156035">
        <ele>38.75</ele>
      </trkpt>
      <trkpt lat="23.012456" lon="112.15837">
        <ele>33.75</ele>
      </trkpt>
      <trkpt lat="23.012329" lon="112.15947">
        <ele>36.5</ele>
      </trkpt>
      <trkpt lat="23.012065" lon="112.162825">
        <ele>45</ele>
      </trkpt>
      <trkpt lat="23.011976" lon="112.165818">
        <ele>52.75</ele>
      </trkpt>
      <trkpt lat="23.011991" lon="112.167562">
        <ele>57.25</ele>
      </trkpt>
      <trkpt lat="23.012045" lon="112.168677">
        <ele>60</ele>
      </trkpt>
      <trkpt lat="23.012134" lon="112.169884">
        <ele>63.25</ele>
      </trkpt>
      <trkpt lat="23.012272" lon="112.171486">
        <ele>63.25</ele>
      </trkpt>
      <trkpt lat="23.012645" lon="112.174796">
        <ele>46.75</ele>
      </trkpt>
      <trkpt lat="23.013295" lon="112.178543">
        <ele>41.25</ele>
      </trkpt>
      <trkpt lat="23.013519" lon="112.180047">
        <ele>41.5</ele>
      </trkpt>
      <trkpt lat="23.025396" lon="112.248001">
        <ele>56.5</ele>
      </trkpt>
      <trkpt lat="23.029582" lon="112.266455">
        <ele>60.5</ele>
      </trkpt>
      <trkpt lat="23.032426" lon="112.274866">
        <ele>62.5</ele>
      </trkpt>
      <trkpt lat="23.035428" lon="112.282419">
        <ele>64.25</ele>
      </trkpt>
      <trkpt lat="23.038982" lon="112.288513">
        <ele>65.75</ele>
      </trkpt>
      <trkpt lat="23.043026" lon="112.292751">
        <ele>67.25</ele>
      </trkpt>
      <trkpt lat="23.043898" lon="112.293559">
        <ele>67.25</ele>
      </trkpt>
      <trkpt lat="23.046478" lon="112.295948">
        <ele>78.25</ele>
      </trkpt>
      <trkpt lat="23.046738" lon="112.296174">
        <ele>76</ele>
      </trkpt>
      <trkpt lat="23.049148" lon="112.298264">
        <ele>50.75</ele>
      </trkpt>
      <trkpt lat="23.049505" lon="112.298586">
        <ele>48.5</ele>
      </trkpt>
      <trkpt lat="23.051402" lon="112.300299">
        <ele>46.75</ele>
      </trkpt>
      <trkpt lat="23.051765" lon="112.300661">
        <ele>46.5</ele>
      </trkpt>
      <trkpt lat="23.053403" lon="112.302292">
        <ele>46.5</ele>
      </trkpt>
      <trkpt lat="23.056579" lon="112.305502">
        <ele>46.5</ele>
      </trkpt>
      <trkpt lat="23.060943" lon="112.310159">
        <ele>46.5</ele>
      </trkpt>
      <trkpt lat="23.062493" lon="112.311993">
        <ele>38</ele>
      </trkpt>
      <trkpt lat="23.065213" lon="112.315502">
        <ele>46.75</ele>
      </trkpt>
      <trkpt lat="23.067713" lon="112.318756">
        <ele>37.25</ele>
      </trkpt>
      <trkpt lat="23.071486" lon="112.32382">
        <ele>37.5</ele>
      </trkpt>
      <trkpt lat="23.071672" lon="112.3241">
        <ele>36.25</ele>
      </trkpt>
      <trkpt lat="23.077237" lon="112.331512">
        <ele>43.75</ele>
      </trkpt>
      <trkpt lat="23.07744" lon="112.331772">
        <ele>42.25</ele>
      </trkpt>
      <trkpt lat="23.081286" lon="112.336841">
        <ele>50</ele>
      </trkpt>
      <trkpt lat="23.083504" lon="112.339762">
        <ele>54.5</ele>
      </trkpt>
      <trkpt lat="23.085738" lon="112.342781">
        <ele>59.25</ele>
      </trkpt>
      <trkpt lat="23.085928" lon="112.343039">
        <ele>59</ele>
      </trkpt>
      <trkpt lat="23.091828" lon="112.349867">
        <ele>58</ele>
      </trkpt>
      <trkpt lat="23.098135" lon="112.356685">
        <ele>56.75</ele>
      </trkpt>
      <trkpt lat="23.101227" lon="112.359662">
        <ele>56.25</ele>
      </trkpt>
      <trkpt lat="23.105325" lon="112.363772">
        <ele>55.5</ele>
      </trkpt>
      <trkpt lat="23.108575" lon="112.367747">
        <ele>55</ele>
      </trkpt>
      <trkpt lat="23.111861" lon="112.373413">
        <ele>54</ele>
      </trkpt>
      <trkpt lat="23.114369" lon="112.38048">
        <ele>53.25</ele>
      </trkpt>
      <trkpt lat="23.118661" lon="112.392695">
        <ele>51.5</ele>
      </trkpt>
      <trkpt lat="23.120923" lon="112.40027">
        <ele>50.75</ele>
      </trkpt>
      <trkpt lat="23.121081" lon="112.400712">
        <ele>50.75</ele>
      </trkpt>
      <trkpt lat="23.123134" lon="112.406439">
        <ele>57</ele>
      </trkpt>
      <trkpt lat="23.125657" lon="112.414621">
        <ele>56.5</ele>
      </trkpt>
      <trkpt lat="23.126369" lon="112.417631">
        <ele>56.5</ele>
      </trkpt>
      <trkpt lat="23.127535" lon="112.422">
        <ele>56.5</ele>
      </trkpt>
      <trkpt lat="23.128016" lon="112.424031">
        <ele>56.5</ele>
      </trkpt>
      <trkpt lat="23.128414" lon="112.425674">
        <ele>46.25</ele>
      </trkpt>
      <trkpt lat="23.128689" lon="112.426987">
        <ele>48</ele>
      </trkpt>
      <trkpt lat="23.129626" lon="112.431554">
        <ele>46.5</ele>
      </trkpt>
      <trkpt lat="23.130278" lon="112.434417">
        <ele>57.5</ele>
      </trkpt>
      <trkpt lat="23.130566" lon="112.435544">
        <ele>61.75</ele>
      </trkpt>
      <trkpt lat="23.130848" lon="112.436573">
        <ele>65.75</ele>
      </trkpt>
      <trkpt lat="23.131494" lon="112.43854">
        <ele>73.75</ele>
      </trkpt>
      <trkpt lat="23.132126" lon="112.440275">
        <ele>73.75</ele>
      </trkpt>
      <trkpt lat="23.1331" lon="112.442651">
        <ele>83.5</ele>
      </trkpt>
      <trkpt lat="23.1353" lon="112.447281">
        <ele>69.25</ele>
      </trkpt>
      <trkpt lat="23.135416" lon="112.447518">
        <ele>69.5</ele>
      </trkpt>
      <trkpt lat="23.135909" lon="112.448449">
        <ele>71.25</ele>
      </trkpt>
      <trkpt lat="23.136631" lon="112.449676">
        <ele>73.5</ele>
      </trkpt>
      <trkpt lat="23.138709" lon="112.452763">
        <ele>79.5</ele>
      </trkpt>
      <trkpt lat="23.140048" lon="112.454631">
        <ele>79.5</ele>
      </trkpt>
      <trkpt lat="23.199174" lon="112.548819">
        <ele>43.5</ele>
      </trkpt>
      <trkpt lat="23.199881" lon="112.550053">
        <ele>42.5</ele>
      </trkpt>
      <trkpt lat="23.201218" lon="112.552769">
        <ele>40.5</ele>
      </trkpt>
      <trkpt lat="23.202571" lon="112.555611">
        <ele>38.5</ele>
      </trkpt>
      <trkpt lat="23.20381" lon="112.55816">
        <ele>36.75</ele>
      </trkpt>
      <trkpt lat="23.204746" lon="112.560253">
        <ele>35.25</ele>
      </trkpt>
      <trkpt lat="23.205786" lon="112.562976">
        <ele>33.5</ele>
      </trkpt>
      <trkpt lat="23.206846" lon="112.566067">
        <ele>31.5</ele>
      </trkpt>
      <trkpt lat="23.207843" lon="112.569132">
        <ele>29.5</ele>
      </trkpt>
      <trkpt lat="23.208654" lon="112.571665">
        <ele>27.75</ele>
      </trkpt>
      <trkpt lat="23.209648" lon="112.574698">
        <ele>25.75</ele>
      </trkpt>
      <trkpt lat="23.210403" lon="112.57684">
        <ele>24.25</ele>
      </trkpt>
      <trkpt lat="23.211535" lon="112.579751">
        <ele>22.25</ele>
      </trkpt>
      <trkpt lat="23.212271" lon="112.581398">
        <ele>21.25</ele>
      </trkpt>
      <trkpt lat="23.213276" lon="112.583606">
        <ele>19.75</ele>
      </trkpt>
      <trkpt lat="23.214587" lon="112.586202">
        <ele>17.75</ele>
      </trkpt>
      <trkpt lat="23.216086" lon="112.588836">
        <ele>15.75</ele>
      </trkpt>
      <trkpt lat="23.217777" lon="112.591561">
        <ele>13.75</ele>
      </trkpt>
      <trkpt lat="23.222252" lon="112.598236">
        <ele>8.75</ele>
      </trkpt>
      <trkpt lat="23.224863" lon="112.603095">
        <ele>5.25</ele>
      </trkpt>
      <trkpt lat="23.226525" lon="112.607187">
        <ele>5</ele>
      </trkpt>
      <trkpt lat="23.227413" lon="112.609986">
        <ele>4.75</ele>
      </trkpt>
      <trkpt lat="23.227794" lon="112.611391">
        <ele>4.75</ele>
      </trkpt>
      <trkpt lat="23.228467" lon="112.614438">
        <ele>4.5</ele>
      </trkpt>
      <trkpt lat="23.228919" lon="112.617695">
        <ele>4.25</ele>
      </trkpt>
      <trkpt lat="23.229146" lon="112.620549">
        <ele>4.25</ele>
      </trkpt>
      <trkpt lat="23.229206" lon="112.622708">
        <ele>4</ele>
      </trkpt>
      <trkpt lat="23.229174" lon="112.624737">
        <ele>4</ele>
      </trkpt>
      <trkpt lat="23.229142" lon="112.625724">
        <ele>4</ele>
      </trkpt>
      <trkpt lat="23.229035" lon="112.627093">
        <ele>4</ele>
      </trkpt>
      <trkpt lat="23.228945" lon="112.627994">
        <ele>3.75</ele>
      </trkpt>
      <trkpt lat="23.228762" lon="112.629423">
        <ele>3.75</ele>
      </trkpt>
      <trkpt lat="23.228701" lon="112.629859">
        <ele>3.75</ele>
      </trkpt>
      <trkpt lat="23.22859" lon="112.63057">
        <ele>3.75</ele>
      </trkpt>
      <trkpt lat="23.228395" lon="112.631642">
        <ele>3.75</ele>
      </trkpt>
      <trkpt lat="23.228248" lon="112.632391">
        <ele>3.5</ele>
      </trkpt>
      <trkpt lat="23.22797" lon="112.63367">
        <ele>3.5</ele>
      </trkpt>
      <trkpt lat="23.227733" lon="112.634632">
        <ele>3.5</ele>
      </trkpt>
      <trkpt lat="23.227616" lon="112.635072">
        <ele>3.5</ele>
      </trkpt>
      <trkpt lat="23.227303" lon="112.636179">
        <ele>3.5</ele>
      </trkpt>
      <trkpt lat="23.227158" lon="112.636655">
        <ele>3.5</ele>
      </trkpt>
      <trkpt lat="23.226853" lon="112.637602">
        <ele>3.25</ele>
      </trkpt>
      <trkpt lat="23.226507" lon="112.63861">
        <ele>3.25</ele>
      </trkpt>
      <trkpt lat="23.226284" lon="112.639229">
        <ele>3.25</ele>
      </trkpt>
      <trkpt lat="23.226046" lon="112.63986">
        <ele>3.25</ele>
      </trkpt>
      <trkpt lat="23.225761" lon="112.640583">
        <ele>3.25</ele>
      </trkpt>
      <trkpt lat="23.22562" lon="112.640922">
        <ele>3.25</ele>
      </trkpt>
      <trkpt lat="23.225325" lon="112.641618">
        <ele>3</ele>
      </trkpt>
      <trkpt lat="23.224673" lon="112.643054">
        <ele>3</ele>
      </trkpt>
      <trkpt lat="23.224356" lon="112.643715">
        <ele>3</ele>
      </trkpt>
      <trkpt lat="23.223706" lon="112.645028">
        <ele>3</ele>
      </trkpt>
      <trkpt lat="23.223199" lon="112.646021">
        <ele>3</ele>
      </trkpt>
      <trkpt lat="23.222535" lon="112.647324">
        <ele>3</ele>
      </trkpt>
      <trkpt lat="23.221293" lon="112.649756">
        <ele>3.5</ele>
      </trkpt>
      <trkpt lat="23.220971" lon="112.650374">
        <ele>4</ele>
      </trkpt>
      <trkpt lat="23.220472" lon="112.651341">
        <ele>3.25</ele>
      </trkpt>
      <trkpt lat="23.220012" lon="112.652231">
        <ele>2.5</ele>
      </trkpt>
      <trkpt lat="23.219612" lon="112.653174">
        <ele>2.5</ele>
      </trkpt>
      <trkpt lat="23.219387" lon="112.653672">
        <ele>2.25</ele>
      </trkpt>
      <trkpt lat="23.219146" lon="112.65431">
        <ele>2.25</ele>
      </trkpt>
      <trkpt lat="23.218988" lon="112.654693">
        <ele>3.25</ele>
      </trkpt>
      <trkpt lat="23.218713" lon="112.655282">
        <ele>3.75</ele>
      </trkpt>
      <trkpt lat="23.218496" lon="112.655717">
        <ele>4</ele>
      </trkpt>
      <trkpt lat="23.216224" lon="112.660135">
        <ele>2</ele>
      </trkpt>
      <trkpt lat="23.215849" lon="112.660853">
        <ele>1</ele>
      </trkpt>
      <trkpt lat="23.215626" lon="112.661258">
        <ele>0.5</ele>
      </trkpt>
      <trkpt lat="23.21542" lon="112.661613">
        <ele>0.5</ele>
      </trkpt>
      <trkpt lat="23.215127" lon="112.662099">
        <ele>1.75</ele>
      </trkpt>
      <trkpt lat="23.214706" lon="112.662764">
        <ele>3.5</ele>
      </trkpt>
      <trkpt lat="23.21518" lon="112.662159">
        <ele>1.75</ele>
      </trkpt>
      <trkpt lat="23.215291" lon="112.662004">
        <ele>1.25</ele>
      </trkpt>
      <trkpt lat="23.215433" lon="112.66177">
        <ele>0.5</ele>
      </trkpt>
      <trkpt lat="23.215787" lon="112.66113">
        <ele>0.5</ele>
      </trkpt>
      <trkpt lat="23.215582" lon="112.661582">
        <ele>0.25</ele>
      </trkpt>
      <trkpt lat="23.215308" lon="112.662222">
        <ele>1.75</ele>
      </trkpt>
      <trkpt lat="23.214905" lon="112.663111">
        <ele>2.5</ele>
      </trkpt>
      <trkpt lat="23.214816" lon="112.663309">
        <ele>2.5</ele>
      </trkpt>
      <trkpt lat="23.214473" lon="112.664067">
        <ele>3.25</ele>
      </trkpt>
      <trkpt lat="23.213763" lon="112.665446">
        <ele>1.75</ele>
      </trkpt>
      <trkpt lat="23.213237" lon="112.666473">
        <ele>1.75</ele>
      </trkpt>
      <trkpt lat="23.212944" lon="112.667154">
        <ele>2.75</ele>
      </trkpt>
      <trkpt lat="23.212259" lon="112.66846">
        <ele>2.5</ele>
      </trkpt>
      <trkpt lat="23.211487" lon="112.66996">
        <ele>3.5</ele>
      </trkpt>
      <trkpt lat="23.211226" lon="112.670606">
        <ele>4</ele>
      </trkpt>
      <trkpt lat="23.210256" lon="112.672487">
        <ele>5.5</ele>
      </trkpt>
      <trkpt lat="23.209844" lon="112.673261">
        <ele>6.25</ele>
      </trkpt>
      <trkpt lat="23.209547" lon="112.673833">
        <ele>6.75</ele>
      </trkpt>
      <trkpt lat="23.208882" lon="112.675126">
        <ele>7.75</ele>
      </trkpt>
      <trkpt lat="23.208464" lon="112.675955">
        <ele>8.25</ele>
      </trkpt>
      <trkpt lat="23.207809" lon="112.67729">
        <ele>9.25</ele>
      </trkpt>
      <trkpt lat="23.207469" lon="112.678002">
        <ele>10</ele>
      </trkpt>
      <trkpt lat="23.207071" lon="112.678886">
        <ele>10.5</ele>
      </trkpt>
      <trkpt lat="23.206872" lon="112.679339">
        <ele>11</ele>
      </trkpt>
      <trkpt lat="23.206611" lon="112.68">
        <ele>11.5</ele>
      </trkpt>
      <trkpt lat="23.206379" lon="112.680551">
        <ele>12</ele>
      </trkpt>
      <trkpt lat="23.20597" lon="112.681553">
        <ele>12.75</ele>
      </trkpt>
      <trkpt lat="23.205483" lon="112.682942">
        <ele>13.75</ele>
      </trkpt>
      <trkpt lat="23.205043" lon="112.684284">
        <ele>14.75</ele>
      </trkpt>
      <trkpt lat="23.204604" lon="112.685586">
        <ele>15.5</ele>
      </trkpt>
      <trkpt lat="23.204452" lon="112.686112">
        <ele>15.5</ele>
      </trkpt>
      <trkpt lat="23.204202" lon="112.687033">
        <ele>15.5</ele>
      </trkpt>
      <trkpt lat="23.204021" lon="112.687775">
        <ele>15.5</ele>
      </trkpt>
      <trkpt lat="23.203776" lon="112.688854">
        <ele>15.75</ele>
      </trkpt>
      <trkpt lat="23.203542" lon="112.690021">
        <ele>16</ele>
      </trkpt>
      <trkpt lat="23.203435" lon="112.69062">
        <ele>16</ele>
      </trkpt>
      <trkpt lat="23.203351" lon="112.691157">
        <ele>22.5</ele>
      </trkpt>
      <trkpt lat="23.203198" lon="112.691897">
        <ele>27.25</ele>
      </trkpt>
      <trkpt lat="23.203106" lon="112.692458">
        <ele>20.75</ele>
      </trkpt>
      <trkpt lat="23.202981" lon="112.693257">
        <ele>18.75</ele>
      </trkpt>
      <trkpt lat="23.202722" lon="112.694956">
        <ele>15.25</ele>
      </trkpt>
      <trkpt lat="23.202381" lon="112.697309">
        <ele>16.75</ele>
      </trkpt>
      <trkpt lat="23.202163" lon="112.698782">
        <ele>18.75</ele>
      </trkpt>
      <trkpt lat="23.201785" lon="112.7014">
        <ele>17</ele>
      </trkpt>
      <trkpt lat="23.201411" lon="112.703921">
        <ele>15</ele>
      </trkpt>
      <trkpt lat="23.201205" lon="112.70536">
        <ele>12.5</ele>
      </trkpt>
      <trkpt lat="23.200993" lon="112.706881">
        <ele>24.25</ele>
      </trkpt>
      <trkpt lat="23.200798" lon="112.708439">
        <ele>25</ele>
      </trkpt>
      <trkpt lat="23.200549" lon="112.710058">
        <ele>38.25</ele>
      </trkpt>
      <trkpt lat="23.200247" lon="112.711725">
        <ele>18.5</ele>
      </trkpt>
      <trkpt lat="23.200081" lon="112.712822">
        <ele>9</ele>
      </trkpt>
      <trkpt lat="23.199941" lon="112.714002">
        <ele>13.5</ele>
      </trkpt>
      <trkpt lat="23.199852" lon="112.714602">
        <ele>13.5</ele>
      </trkpt>
      <trkpt lat="23.199635" lon="112.716307">
        <ele>13.5</ele>
      </trkpt>
      <trkpt lat="23.199222" lon="112.71911">
        <ele>13.5</ele>
      </trkpt>
      <trkpt lat="23.198908" lon="112.72121">
        <ele>13.5</ele>
      </trkpt>
      <trkpt lat="23.198067" lon="112.727028">
        <ele>13.5</ele>
      </trkpt>
      <trkpt lat="23.19732" lon="112.732091">
        <ele>13.5</ele>
      </trkpt>
      <trkpt lat="23.197055" lon="112.733931">
        <ele>13.5</ele>
      </trkpt>
      <trkpt lat="23.195214" lon="112.746492">
        <ele>13.5</ele>
      </trkpt>
      <trkpt lat="23.195038" lon="112.747651">
        <ele>13.5</ele>
      </trkpt>
      <trkpt lat="23.194635" lon="112.750417">
        <ele>13.5</ele>
      </trkpt>
      <trkpt lat="23.194388" lon="112.752003">
        <ele>13.5</ele>
      </trkpt>
      <trkpt lat="23.194171" lon="112.753319">
        <ele>13.5</ele>
      </trkpt>
      <trkpt lat="23.193992" lon="112.754265">
        <ele>13.5</ele>
      </trkpt>
      <trkpt lat="23.193813" lon="112.755141">
        <ele>13.5</ele>
      </trkpt>
      <trkpt lat="23.193717" lon="112.755569">
        <ele>13.5</ele>
      </trkpt>
      <trkpt lat="23.193605" lon="112.756028">
        <ele>13.5</ele>
      </trkpt>
      <trkpt lat="23.19336" lon="112.756962">
        <ele>13.5</ele>
      </trkpt>
      <trkpt lat="23.192981" lon="112.758265">
        <ele>13.5</ele>
      </trkpt>
      <trkpt lat="23.192656" lon="112.759334">
        <ele>13.5</ele>
      </trkpt>
      <trkpt lat="23.192517" lon="112.759774">
        <ele>13.5</ele>
      </trkpt>
      <trkpt lat="23.192161" lon="112.760825">
        <ele>13.5</ele>
      </trkpt>
      <trkpt lat="23.191682" lon="112.762199">
        <ele>13.5</ele>
      </trkpt>
      <trkpt lat="23.191554" lon="112.76255">
        <ele>13.5</ele>
      </trkpt>
      <trkpt lat="23.19057" lon="112.765103">
        <ele>13.5</ele>
      </trkpt>
      <trkpt lat="23.189643" lon="112.767567">
        <ele>13.5</ele>
      </trkpt>
      <trkpt lat="23.18828" lon="112.771144">
        <ele>13.5</ele>
      </trkpt>
      <trkpt lat="23.187479" lon="112.773189">
        <ele>13.5</ele>
      </trkpt>
      <trkpt lat="23.187122" lon="112.774083">
        <ele>13.5</ele>
      </trkpt>
      <trkpt lat="23.186961" lon="112.774467">
        <ele>13.5</ele>
      </trkpt>
      <trkpt lat="23.186466" lon="112.775596">
        <ele>13.5</ele>
      </trkpt>
      <trkpt lat="23.186077" lon="112.776438">
        <ele>13.5</ele>
      </trkpt>
      <trkpt lat="23.185692" lon="112.777254">
        <ele>13.5</ele>
      </trkpt>
      <trkpt lat="23.185515" lon="112.777613">
        <ele>13.5</ele>
      </trkpt>
      <trkpt lat="23.184953" lon="112.778696">
        <ele>13.5</ele>
      </trkpt>
      <trkpt lat="23.184559" lon="112.779407">
        <ele>13.5</ele>
      </trkpt>
      <trkpt lat="23.183936" lon="112.780482">
        <ele>13.5</ele>
      </trkpt>
      <trkpt lat="23.183462" lon="112.781256">
        <ele>13.5</ele>
      </trkpt>
      <trkpt lat="23.182971" lon="112.782019">
        <ele>13.5</ele>
      </trkpt>
      <trkpt lat="23.182513" lon="112.782699">
        <ele>13.5</ele>
      </trkpt>
      <trkpt lat="23.182117" lon="112.783274">
        <ele>13.5</ele>
      </trkpt>
      <trkpt lat="23.181425" lon="112.784233">
        <ele>13.5</ele>
      </trkpt>
      <trkpt lat="23.181185" lon="112.784554">
        <ele>13.5</ele>
      </trkpt>
      <trkpt lat="23.180427" lon="112.785509">
        <ele>13.5</ele>
      </trkpt>
      <trkpt lat="23.180027" lon="112.786">
        <ele>13.5</ele>
      </trkpt>
      <trkpt lat="23.179775" lon="112.786293">
        <ele>13.5</ele>
      </trkpt>
      <trkpt lat="23.178807" lon="112.787389">
        <ele>13.5</ele>
      </trkpt>
      <trkpt lat="23.178135" lon="112.788113">
        <ele>13.5</ele>
      </trkpt>
      <trkpt lat="23.17794" lon="112.788316">
        <ele>13.5</ele>
      </trkpt>
      <trkpt lat="23.176907" lon="112.789346">
        <ele>13.5</ele>
      </trkpt>
      <trkpt lat="23.176471" lon="112.789767">
        <ele>13.5</ele>
      </trkpt>
      <trkpt lat="23.175942" lon="112.790256">
        <ele>13.5</ele>
      </trkpt>
      <trkpt lat="23.175127" lon="112.79097">
        <ele>13.5</ele>
      </trkpt>
      <trkpt lat="23.174485" lon="112.791509">
        <ele>13.5</ele>
      </trkpt>
      <trkpt lat="23.173529" lon="112.792275">
        <ele>13.5</ele>
      </trkpt>
      <trkpt lat="23.173293" lon="112.792458">
        <ele>13.5</ele>
      </trkpt>
      <trkpt lat="23.172597" lon="112.792971">
        <ele>13.5</ele>
      </trkpt>
      <trkpt lat="23.171635" lon="112.793654">
        <ele>13.5</ele>
      </trkpt>
      <trkpt lat="23.170815" lon="112.794221">
        <ele>13.5</ele>
      </trkpt>
      <trkpt lat="23.170487" lon="112.79444">
        <ele>13.5</ele>
      </trkpt>
      <trkpt lat="23.170256" lon="112.794582">
        <ele>13.5</ele>
      </trkpt>
      <trkpt lat="23.169132" lon="112.795241">
        <ele>13.5</ele>
      </trkpt>
      <trkpt lat="23.168408" lon="112.795657">
        <ele>13.5</ele>
      </trkpt>
      <trkpt lat="23.167899" lon="112.795932">
        <ele>13.5</ele>
      </trkpt>
      <trkpt lat="23.166395" lon="112.796762">
        <ele>13.5</ele>
      </trkpt>
      <trkpt lat="23.165836" lon="112.797051">
        <ele>13.5</ele>
      </trkpt>
      <trkpt lat="23.165166" lon="112.797421">
        <ele>13.5</ele>
      </trkpt>
      <trkpt lat="23.164629" lon="112.797702">
        <ele>13.5</ele>
      </trkpt>
      <trkpt lat="23.163624" lon="112.798249">
        <ele>13.5</ele>
      </trkpt>
      <trkpt lat="23.162711" lon="112.798736">
        <ele>13.5</ele>
      </trkpt>
      <trkpt lat="23.161472" lon="112.799412">
        <ele>13.5</ele>
      </trkpt>
      <trkpt lat="23.160812" lon="112.799784">
        <ele>13.5</ele>
      </trkpt>
      <trkpt lat="23.159895" lon="112.800313">
        <ele>13.5</ele>
      </trkpt>
      <trkpt lat="23.158641" lon="112.801069">
        <ele>13.5</ele>
      </trkpt>
      <trkpt lat="23.1573" lon="112.801969">
        <ele>13.5</ele>
      </trkpt>
      <trkpt lat="23.157039" lon="112.80215">
        <ele>13.5</ele>
      </trkpt>
      <trkpt lat="23.156104" lon="112.802834">
        <ele>13.5</ele>
      </trkpt>
      <trkpt lat="23.155822" lon="112.803048">
        <ele>13.5</ele>
      </trkpt>
      <trkpt lat="23.155538" lon="112.803274">
        <ele>13.5</ele>
      </trkpt>
      <trkpt lat="23.154201" lon="112.804356">
        <ele>13.5</ele>
      </trkpt>
      <trkpt lat="23.152859" lon="112.805498">
        <ele>13.5</ele>
      </trkpt>
      <trkpt lat="23.151206" lon="112.806946">
        <ele>13.5</ele>
      </trkpt>
      <trkpt lat="23.150749" lon="112.80736">
        <ele>13.5</ele>
      </trkpt>
      <trkpt lat="23.149146" lon="112.808757">
        <ele>13.5</ele>
      </trkpt>
      <trkpt lat="23.146515" lon="112.811097">
        <ele>24</ele>
      </trkpt>
      <trkpt lat="23.145043" lon="112.812407">
        <ele>24</ele>
      </trkpt>
      <trkpt lat="23.144708" lon="112.812716">
        <ele>24</ele>
      </trkpt>
      <trkpt lat="23.14437" lon="112.813022">
        <ele>24</ele>
      </trkpt>
      <trkpt lat="23.144117" lon="112.813236">
        <ele>24</ele>
      </trkpt>
      <trkpt lat="23.143691" lon="112.813582">
        <ele>24</ele>
      </trkpt>
      <trkpt lat="23.143279" lon="112.813947">
        <ele>24</ele>
      </trkpt>
      <trkpt lat="23.142443" lon="112.814699">
        <ele>24</ele>
      </trkpt>
      <trkpt lat="23.141605" lon="112.81549">
        <ele>24</ele>
      </trkpt>
      <trkpt lat="23.140968" lon="112.816128">
        <ele>24</ele>
      </trkpt>
      <trkpt lat="23.140413" lon="112.816706">
        <ele>24</ele>
      </trkpt>
      <trkpt lat="23.140055" lon="112.817089">
        <ele>24</ele>
      </trkpt>
      <trkpt lat="23.139584" lon="112.817617">
        <ele>24</ele>
      </trkpt>
      <trkpt lat="23.139125" lon="112.818147">
        <ele>24</ele>
      </trkpt>
      <trkpt lat="23.138812" lon="112.81852">
        <ele>24</ele>
      </trkpt>
      <trkpt lat="23.138347" lon="112.819104">
        <ele>24</ele>
      </trkpt>
      <trkpt lat="23.13703" lon="112.820802">
        <ele>24</ele>
      </trkpt>
      <trkpt lat="23.136717" lon="112.821213">
        <ele>24</ele>
      </trkpt>
      <trkpt lat="23.136415" lon="112.821651">
        <ele>24</ele>
      </trkpt>
      <trkpt lat="23.13604" lon="112.822209">
        <ele>24</ele>
      </trkpt>
      <trkpt lat="23.135757" lon="112.822646">
        <ele>24</ele>
      </trkpt>
      <trkpt lat="23.135081" lon="112.823729">
        <ele>24</ele>
      </trkpt>
      <trkpt lat="23.134537" lon="112.824703">
        <ele>24</ele>
      </trkpt>
      <trkpt lat="23.134158" lon="112.82543">
        <ele>24</ele>
      </trkpt>
      <trkpt lat="23.13359" lon="112.826502">
        <ele>25.75</ele>
      </trkpt>
      <trkpt lat="23.133108" lon="112.827427">
        <ele>23.5</ele>
      </trkpt>
      <trkpt lat="23.132792" lon="112.828052">
        <ele>22</ele>
      </trkpt>
      <trkpt lat="23.132684" lon="112.828278">
        <ele>21.5</ele>
      </trkpt>
      <trkpt lat="23.132506" lon="112.82868">
        <ele>20.75</ele>
      </trkpt>
      <trkpt lat="23.132397" lon="112.828943">
        <ele>20.25</ele>
      </trkpt>
      <trkpt lat="23.132104" lon="112.829672">
        <ele>20.5</ele>
      </trkpt>
      <trkpt lat="23.13172" lon="112.830592">
        <ele>21</ele>
      </trkpt>
      <trkpt lat="23.131339" lon="112.831556">
        <ele>21.75</ele>
      </trkpt>
      <trkpt lat="23.130137" lon="112.83456">
        <ele>21.75</ele>
      </trkpt>
      <trkpt lat="23.129892" lon="112.835181">
        <ele>17.5</ele>
      </trkpt>
      <trkpt lat="23.129373" lon="112.836503">
        <ele>17.75</ele>
      </trkpt>
      <trkpt lat="23.128704" lon="112.838191">
        <ele>18.25</ele>
      </trkpt>
      <trkpt lat="23.127176" lon="112.842147">
        <ele>19.25</ele>
      </trkpt>
      <trkpt lat="23.126831" lon="112.843008">
        <ele>19.25</ele>
      </trkpt>
      <trkpt lat="23.126466" lon="112.843897">
        <ele>19.5</ele>
      </trkpt>
      <trkpt lat="23.126167" lon="112.844641">
        <ele>19.75</ele>
      </trkpt>
      <trkpt lat="23.125509" lon="112.846206">
        <ele>20.25</ele>
      </trkpt>
      <trkpt lat="23.124589" lon="112.848188">
        <ele>20.75</ele>
      </trkpt>
      <trkpt lat="23.12286" lon="112.851894">
        <ele>21.75</ele>
      </trkpt>
      <trkpt lat="23.122275" lon="112.853133">
        <ele>22</ele>
      </trkpt>
      <trkpt lat="23.121176" lon="112.855431">
        <ele>22.75</ele>
      </trkpt>
      <trkpt lat="23.120537" lon="112.856778">
        <ele>22.75</ele>
      </trkpt>
      <trkpt lat="23.119946" lon="112.858016">
        <ele>15</ele>
      </trkpt>
      <trkpt lat="23.119011" lon="112.859939">
        <ele>12.25</ele>
      </trkpt>
      <trkpt lat="23.118252" lon="112.861476">
        <ele>7</ele>
      </trkpt>
      <trkpt lat="23.117739" lon="112.862518">
        <ele>3.5</ele>
      </trkpt>
      <trkpt lat="23.117553" lon="112.862977">
        <ele>4</ele>
      </trkpt>
      <trkpt lat="23.117316" lon="112.863498">
        <ele>4</ele>
      </trkpt>
      <trkpt lat="23.114845" lon="112.868669">
        <ele>19.5</ele>
      </trkpt>
      <trkpt lat="23.114594" lon="112.869158">
        <ele>24.25</ele>
      </trkpt>
      <trkpt lat="23.114295" lon="112.869702">
        <ele>22.75</ele>
      </trkpt>
      <trkpt lat="23.11393" lon="112.870466">
        <ele>18</ele>
      </trkpt>
      <trkpt lat="23.113579" lon="112.871106">
        <ele>17.75</ele>
      </trkpt>
      <trkpt lat="23.112323" lon="112.873728">
        <ele>17.5</ele>
      </trkpt>
      <trkpt lat="23.111321" lon="112.875796">
        <ele>17.5</ele>
      </trkpt>
      <trkpt lat="23.108854" lon="112.880806">
        <ele>17.5</ele>
      </trkpt>
      <trkpt lat="23.10744" lon="112.883636">
        <ele>17.5</ele>
      </trkpt>
      <trkpt lat="23.106296" lon="112.886068">
        <ele>17.5</ele>
      </trkpt>
      <trkpt lat="23.103828" lon="112.891258">
        <ele>17.5</ele>
      </trkpt>
      <trkpt lat="23.102055" lon="112.894933">
        <ele>17.5</ele>
      </trkpt>
      <trkpt lat="23.100877" lon="112.897353">
        <ele>17.25</ele>
      </trkpt>
      <trkpt lat="23.100166" lon="112.898837">
        <ele>17.25</ele>
      </trkpt>
      <trkpt lat="23.099759" lon="112.899706">
        <ele>17.25</ele>
      </trkpt>
      <trkpt lat="23.099362" lon="112.900607">
        <ele>17.25</ele>
      </trkpt>
      <trkpt lat="23.099087" lon="112.901271">
        <ele>17.25</ele>
      </trkpt>
      <trkpt lat="23.098813" lon="112.902005">
        <ele>17.25</ele>
      </trkpt>
      <trkpt lat="23.098626" lon="112.902547">
        <ele>17.25</ele>
      </trkpt>
      <trkpt lat="23.098329" lon="112.903495">
        <ele>17.25</ele>
      </trkpt>
      <trkpt lat="23.098101" lon="112.904281">
        <ele>17.25</ele>
      </trkpt>
      <trkpt lat="23.097971" lon="112.904755">
        <ele>17.25</ele>
      </trkpt>
      <trkpt lat="23.097806" lon="112.905427">
        <ele>17.25</ele>
      </trkpt>
      <trkpt lat="23.097641" lon="112.906178">
        <ele>17.25</ele>
      </trkpt>
      <trkpt lat="23.09755" lon="112.906646">
        <ele>17.25</ele>
      </trkpt>
      <trkpt lat="23.097442" lon="112.907257">
        <ele>17.25</ele>
      </trkpt>
      <trkpt lat="23.097244" lon="112.908955">
        <ele>17.25</ele>
      </trkpt>
      <trkpt lat="23.097206" lon="112.909317">
        <ele>17.25</ele>
      </trkpt>
      <trkpt lat="23.097138" lon="112.910184">
        <ele>17.25</ele>
      </trkpt>
      <trkpt lat="23.097095" lon="112.911027">
        <ele>17.25</ele>
      </trkpt>
      <trkpt lat="23.097068" lon="112.912001">
        <ele>17.25</ele>
      </trkpt>
      <trkpt lat="23.097071" lon="112.913016">
        <ele>17.25</ele>
      </trkpt>
      <trkpt lat="23.097096" lon="112.913994">
        <ele>17.25</ele>
      </trkpt>
      <trkpt lat="23.097162" lon="112.91747">
        <ele>17.25</ele>
      </trkpt>
      <trkpt lat="23.097176" lon="112.918729">
        <ele>17.25</ele>
      </trkpt>
      <trkpt lat="23.097174" lon="112.919282">
        <ele>17.25</ele>
      </trkpt>
      <trkpt lat="23.097155" lon="112.919747">
        <ele>17.25</ele>
      </trkpt>
      <trkpt lat="23.09711" lon="112.920259">
        <ele>17.25</ele>
      </trkpt>
      <trkpt lat="23.097067" lon="112.920657">
        <ele>17.25</ele>
      </trkpt>
      <trkpt lat="23.096986" lon="112.921345">
        <ele>17.25</ele>
      </trkpt>
      <trkpt lat="23.096941" lon="112.92167">
        <ele>17.25</ele>
      </trkpt>
      <trkpt lat="23.096864" lon="112.922162">
        <ele>17.25</ele>
      </trkpt>
      <trkpt lat="23.096809" lon="112.922471">
        <ele>17.25</ele>
      </trkpt>
      <trkpt lat="23.096634" lon="112.923297">
        <ele>17</ele>
      </trkpt>
      <trkpt lat="23.096566" lon="112.923579">
        <ele>17</ele>
      </trkpt>
      <trkpt lat="23.096424" lon="112.924098">
        <ele>17</ele>
      </trkpt>
      <trkpt lat="23.096317" lon="112.924552">
        <ele>17</ele>
      </trkpt>
      <trkpt lat="23.096082" lon="112.925307">
        <ele>17</ele>
      </trkpt>
      <trkpt lat="23.095945" lon="112.925699">
        <ele>17</ele>
      </trkpt>
      <trkpt lat="23.095853" lon="112.925944">
        <ele>17</ele>
      </trkpt>
      <trkpt lat="23.095707" lon="112.926306">
        <ele>17</ele>
      </trkpt>
      <trkpt lat="23.095497" lon="112.926803">
        <ele>17</ele>
      </trkpt>
      <trkpt lat="23.095232" lon="112.927377">
        <ele>17</ele>
      </trkpt>
      <trkpt lat="23.094822" lon="112.928184">
        <ele>17</ele>
      </trkpt>
      <trkpt lat="23.094641" lon="112.928525">
        <ele>17</ele>
      </trkpt>
      <trkpt lat="23.094458" lon="112.928852">
        <ele>17</ele>
      </trkpt>
      <trkpt lat="23.094047" lon="112.929533">
        <ele>17</ele>
      </trkpt>
      <trkpt lat="23.093885" lon="112.929782">
        <ele>17</ele>
      </trkpt>
      <trkpt lat="23.093498" lon="112.930362">
        <ele>17</ele>
      </trkpt>
      <trkpt lat="23.093359" lon="112.93055">
        <ele>17</ele>
      </trkpt>
      <trkpt lat="23.093121" lon="112.930866">
        <ele>17</ele>
      </trkpt>
      <trkpt lat="23.092857" lon="112.931196">
        <ele>17</ele>
      </trkpt>
      <trkpt lat="23.092563" lon="112.931548">
        <ele>17</ele>
      </trkpt>
      <trkpt lat="23.092011" lon="112.932191">
        <ele>17</ele>
      </trkpt>
      <trkpt lat="23.091596" lon="112.932638">
        <ele>17</ele>
      </trkpt>
      <trkpt lat="23.091167" lon="112.933116">
        <ele>17</ele>
      </trkpt>
      <trkpt lat="23.090029" lon="112.934391">
        <ele>17</ele>
      </trkpt>
      <trkpt lat="23.08976" lon="112.934698">
        <ele>17</ele>
      </trkpt>
      <trkpt lat="23.089644" lon="112.93484">
        <ele>17</ele>
      </trkpt>
      <trkpt lat="23.089115" lon="112.935523">
        <ele>17</ele>
      </trkpt>
      <trkpt lat="23.088825" lon="112.935938">
        <ele>17</ele>
      </trkpt>
      <trkpt lat="23.088377" lon="112.936602">
        <ele>17</ele>
      </trkpt>
      <trkpt lat="23.088182" lon="112.936916">
        <ele>17</ele>
      </trkpt>
      <trkpt lat="23.088133" lon="112.936995">
        <ele>17</ele>
      </trkpt>
      <trkpt lat="23.087768" lon="112.937603">
        <ele>17</ele>
      </trkpt>
      <trkpt lat="23.087612" lon="112.937894">
        <ele>17</ele>
      </trkpt>
      <trkpt lat="23.08733" lon="112.93839">
        <ele>17</ele>
      </trkpt>
      <trkpt lat="23.087156" lon="112.938731">
        <ele>17</ele>
      </trkpt>
      <trkpt lat="23.086827" lon="112.939465">
        <ele>17</ele>
      </trkpt>
      <trkpt lat="23.086427" lon="112.940448">
        <ele>17</ele>
      </trkpt>
      <trkpt lat="23.086281" lon="112.94084">
        <ele>17</ele>
      </trkpt>
      <trkpt lat="23.086023" lon="112.941587">
        <ele>17</ele>
      </trkpt>
      <trkpt lat="23.085384" lon="112.943481">
        <ele>17</ele>
      </trkpt>
      <trkpt lat="23.084975" lon="112.944754">
        <ele>17</ele>
      </trkpt>
      <trkpt lat="23.084763" lon="112.945382">
        <ele>17</ele>
      </trkpt>
      <trkpt lat="23.084451" lon="112.946397">
        <ele>17</ele>
      </trkpt>
      <trkpt lat="23.084361" lon="112.946768">
        <ele>16.75</ele>
      </trkpt>
      <trkpt lat="23.084299" lon="112.946993">
        <ele>16.75</ele>
      </trkpt>
      <trkpt lat="23.084134" lon="112.947718">
        <ele>16.75</ele>
      </trkpt>
      <trkpt lat="23.084063" lon="112.948089">
        <ele>16.75</ele>
      </trkpt>
      <trkpt lat="23.083989" lon="112.948423">
        <ele>16.75</ele>
      </trkpt>
      <trkpt lat="23.083929" lon="112.948775">
        <ele>16.75</ele>
      </trkpt>
      <trkpt lat="23.083845" lon="112.949326">
        <ele>16.75</ele>
      </trkpt>
      <trkpt lat="23.083811" lon="112.949599">
        <ele>16.75</ele>
      </trkpt>
      <trkpt lat="23.083755" lon="112.950167">
        <ele>16.75</ele>
      </trkpt>
      <trkpt lat="23.08375" lon="112.950435">
        <ele>16.75</ele>
      </trkpt>
      <trkpt lat="23.083723" lon="112.950886">
        <ele>16.75</ele>
      </trkpt>
      <trkpt lat="23.0837" lon="112.951556">
        <ele>16.75</ele>
      </trkpt>
      <trkpt lat="23.083692" lon="112.952205">
        <ele>16.75</ele>
      </trkpt>
      <trkpt lat="23.083703" lon="112.952349">
        <ele>16.75</ele>
      </trkpt>
      <trkpt lat="23.083706" lon="112.952869">
        <ele>16.75</ele>
      </trkpt>
      <trkpt lat="23.083729" lon="112.953404">
        <ele>16.75</ele>
      </trkpt>
      <trkpt lat="23.083779" lon="112.954073">
        <ele>16.75</ele>
      </trkpt>
      <trkpt lat="23.08381" lon="112.954398">
        <ele>16.75</ele>
      </trkpt>
      <trkpt lat="23.083942" lon="112.955355">
        <ele>16.75</ele>
      </trkpt>
      <trkpt lat="23.084025" lon="112.955837">
        <ele>16.75</ele>
      </trkpt>
      <trkpt lat="23.084203" lon="112.956739">
        <ele>16.75</ele>
      </trkpt>
      <trkpt lat="23.084263" lon="112.956996">
        <ele>16.75</ele>
      </trkpt>
      <trkpt lat="23.084486" lon="112.957815">
        <ele>16.75</ele>
      </trkpt>
      <trkpt lat="23.08469" lon="112.958491">
        <ele>16.75</ele>
      </trkpt>
      <trkpt lat="23.085622" lon="112.961325">
        <ele>16.75</ele>
      </trkpt>
      <trkpt lat="23.085856" lon="112.962072">
        <ele>16.75</ele>
      </trkpt>
      <trkpt lat="23.087508" lon="112.967115">
        <ele>16.75</ele>
      </trkpt>
      <trkpt lat="23.087775" lon="112.967977">
        <ele>16.75</ele>
      </trkpt>
      <trkpt lat="23.08794" lon="112.96855">
        <ele>16.75</ele>
      </trkpt>
      <trkpt lat="23.088093" lon="112.969103">
        <ele>16.75</ele>
      </trkpt>
      <trkpt lat="23.088213" lon="112.969618">
        <ele>16.75</ele>
      </trkpt>
      <trkpt lat="23.088396" lon="112.970472">
        <ele>16.75</ele>
      </trkpt>
      <trkpt lat="23.088448" lon="112.970793">
        <ele>16.75</ele>
      </trkpt>
      <trkpt lat="23.088495" lon="112.971146">
        <ele>16.75</ele>
      </trkpt>
      <trkpt lat="23.088538" lon="112.971553">
        <ele>16.75</ele>
      </trkpt>
      <trkpt lat="23.088589" lon="112.971902">
        <ele>16.75</ele>
      </trkpt>
      <trkpt lat="23.088606" lon="112.972208">
        <ele>16.75</ele>
      </trkpt>
      <trkpt lat="23.088619" lon="112.972653">
        <ele>16.75</ele>
      </trkpt>
      <trkpt lat="23.088623" lon="112.973069">
        <ele>16.75</ele>
      </trkpt>
      <trkpt lat="23.088619" lon="112.97356">
        <ele>16.5</ele>
      </trkpt>
      <trkpt lat="23.088589" lon="112.974264">
        <ele>16.5</ele>
      </trkpt>
      <trkpt lat="23.088541" lon="112.974869">
        <ele>16.5</ele>
      </trkpt>
      <trkpt lat="23.088438" lon="112.975753">
        <ele>16.5</ele>
      </trkpt>
      <trkpt lat="23.088402" lon="112.976001">
        <ele>16.5</ele>
      </trkpt>
      <trkpt lat="23.088357" lon="112.976249">
        <ele>16.5</ele>
      </trkpt>
      <trkpt lat="23.08829" lon="112.976551">
        <ele>16.5</ele>
      </trkpt>
      <trkpt lat="23.088077" lon="112.977474">
        <ele>16.5</ele>
      </trkpt>
      <trkpt lat="23.087935" lon="112.978009">
        <ele>16.5</ele>
      </trkpt>
      <trkpt lat="23.087823" lon="112.978357">
        <ele>16.5</ele>
      </trkpt>
      <trkpt lat="23.087576" lon="112.979064">
        <ele>16.5</ele>
      </trkpt>
      <trkpt lat="23.087356" lon="112.97959">
        <ele>16.5</ele>
      </trkpt>
      <trkpt lat="23.0871" lon="112.980165">
        <ele>16.5</ele>
      </trkpt>
      <trkpt lat="23.086819" lon="112.980754">
        <ele>16.5</ele>
      </trkpt>
      <trkpt lat="23.086386" lon="112.981572">
        <ele>16.5</ele>
      </trkpt>
      <trkpt lat="23.085767" lon="112.982721">
        <ele>16.5</ele>
      </trkpt>
      <trkpt lat="23.085455" lon="112.983287">
        <ele>16.5</ele>
      </trkpt>
      <trkpt lat="23.084982" lon="112.984202">
        <ele>16.5</ele>
      </trkpt>
      <trkpt lat="23.084794" lon="112.984588">
        <ele>16.5</ele>
      </trkpt>
      <trkpt lat="23.084387" lon="112.985471">
        <ele>16.5</ele>
      </trkpt>
      <trkpt lat="23.083839" lon="112.986829">
        <ele>16.5</ele>
      </trkpt>
      <trkpt lat="23.083061" lon="112.988801">
        <ele>16.5</ele>
      </trkpt>
      <trkpt lat="23.082175" lon="112.991076">
        <ele>16.5</ele>
      </trkpt>
      <trkpt lat="23.081768" lon="112.992096">
        <ele>16.5</ele>
      </trkpt>
      <trkpt lat="23.081153" lon="112.993666">
        <ele>16.5</ele>
      </trkpt>
      <trkpt lat="23.080735" lon="112.994689">
        <ele>16.5</ele>
      </trkpt>
      <trkpt lat="23.080432" lon="112.995469">
        <ele>16.5</ele>
      </trkpt>
      <trkpt lat="23.080026" lon="112.996458">
        <ele>16.5</ele>
      </trkpt>
      <trkpt lat="23.079288" lon="112.998335">
        <ele>16.5</ele>
      </trkpt>
      <trkpt lat="23.079048" lon="112.998969">
        <ele>16.5</ele>
      </trkpt>
      <trkpt lat="23.078743" lon="112.999741">
        <ele>16.5</ele>
      </trkpt>
      <trkpt lat="23.078439" lon="113.000581">
        <ele>17</ele>
      </trkpt>
      <trkpt lat="23.078292" lon="113.00103">
        <ele>16.5</ele>
      </trkpt>
      <trkpt lat="23.078165" lon="113.001457">
        <ele>15.75</ele>
      </trkpt>
      <trkpt lat="23.078032" lon="113.001951">
        <ele>15.25</ele>
      </trkpt>
      <trkpt lat="23.077926" lon="113.002421">
        <ele>14.5</ele>
      </trkpt>
      <trkpt lat="23.077762" lon="113.00327">
        <ele>6.25</ele>
      </trkpt>
      <trkpt lat="23.077693" lon="113.003661">
        <ele>6.5</ele>
      </trkpt>
      <trkpt lat="23.077633" lon="113.004055">
        <ele>7.25</ele>
      </trkpt>
      <trkpt lat="23.07759" lon="113.004404">
        <ele>7.25</ele>
      </trkpt>
      <trkpt lat="23.077519" lon="113.005181">
        <ele>7.5</ele>
      </trkpt>
      <trkpt lat="23.077497" lon="113.005542">
        <ele>7.5</ele>
      </trkpt>
      <trkpt lat="23.07747" lon="113.006297">
        <ele>7.75</ele>
      </trkpt>
      <trkpt lat="23.077482" lon="113.007009">
        <ele>7.75</ele>
      </trkpt>
      <trkpt lat="23.077506" lon="113.007533">
        <ele>8</ele>
      </trkpt>
      <trkpt lat="23.077533" lon="113.007857">
        <ele>8</ele>
      </trkpt>
      <trkpt lat="23.077618" lon="113.008715">
        <ele>8.25</ele>
      </trkpt>
      <trkpt lat="23.077674" lon="113.009156">
        <ele>8.5</ele>
      </trkpt>
      <trkpt lat="23.077734" lon="113.009545">
        <ele>8.5</ele>
      </trkpt>
      <trkpt lat="23.077847" lon="113.010183">
        <ele>8.75</ele>
      </trkpt>
      <trkpt lat="23.078048" lon="113.011139">
        <ele>9</ele>
      </trkpt>
      <trkpt lat="23.078228" lon="113.012115">
        <ele>9.25</ele>
      </trkpt>
      <trkpt lat="23.078328" lon="113.012625">
        <ele>9.25</ele>
      </trkpt>
      <trkpt lat="23.078452" lon="113.013211">
        <ele>9.5</ele>
      </trkpt>
      <trkpt lat="23.078508" lon="113.01354">
        <ele>9.5</ele>
      </trkpt>
      <trkpt lat="23.078668" lon="113.014336">
        <ele>9.75</ele>
      </trkpt>
      <trkpt lat="23.078933" lon="113.015725">
        <ele>10</ele>
      </trkpt>
      <trkpt lat="23.079372" lon="113.017928">
        <ele>10.75</ele>
      </trkpt>
      <trkpt lat="23.079558" lon="113.018816">
        <ele>10.75</ele>
      </trkpt>
      <trkpt lat="23.079656" lon="113.019333">
        <ele>11</ele>
      </trkpt>
      <trkpt lat="23.080079" lon="113.021534">
        <ele>11.5</ele>
      </trkpt>
      <trkpt lat="23.080228" lon="113.022245">
        <ele>11.75</ele>
      </trkpt>
      <trkpt lat="23.080431" lon="113.023319">
        <ele>12</ele>
      </trkpt>
      <trkpt lat="23.080605" lon="113.024462">
        <ele>12.25</ele>
      </trkpt>
      <trkpt lat="23.08065" lon="113.024735">
        <ele>12.5</ele>
      </trkpt>
      <trkpt lat="23.080713" lon="113.025206">
        <ele>12.5</ele>
      </trkpt>
      <trkpt lat="23.080806" lon="113.02609">
        <ele>12.75</ele>
      </trkpt>
      <trkpt lat="23.080866" lon="113.026479">
        <ele>12.75</ele>
      </trkpt>
      <trkpt lat="23.08092" lon="113.026799">
        <ele>13</ele>
      </trkpt>
      <trkpt lat="23.081265" lon="113.028528">
        <ele>13.25</ele>
      </trkpt>
      <trkpt lat="23.081547" lon="113.029942">
        <ele>13.75</ele>
      </trkpt>
      <trkpt lat="23.081651" lon="113.030421">
        <ele>13.75</ele>
      </trkpt>
      <trkpt lat="23.081727" lon="113.030739">
        <ele>14</ele>
      </trkpt>
      <trkpt lat="23.081844" lon="113.031167">
        <ele>14</ele>
      </trkpt>
      <trkpt lat="23.082003" lon="113.031753">
        <ele>14.25</ele>
      </trkpt>
      <trkpt lat="23.082157" lon="113.032467">
        <ele>14.25</ele>
      </trkpt>
      <trkpt lat="23.082245" lon="113.032959">
        <ele>14.5</ele>
      </trkpt>
      <trkpt lat="23.082333" lon="113.033536">
        <ele>14.75</ele>
      </trkpt>
      <trkpt lat="23.082487" lon="113.034325">
        <ele>14.75</ele>
      </trkpt>
      <trkpt lat="23.082752" lon="113.035458">
        <ele>15</ele>
      </trkpt>
      <trkpt lat="23.082893" lon="113.036079">
        <ele>15.25</ele>
      </trkpt>
      <trkpt lat="23.083053" lon="113.036825">
        <ele>17</ele>
      </trkpt>
      <trkpt lat="23.083456" lon="113.038802">
        <ele>35.25</ele>
      </trkpt>
      <trkpt lat="23.084303" lon="113.043131">
        <ele>30</ele>
      </trkpt>
      <trkpt lat="23.08491" lon="113.046312">
        <ele>13.75</ele>
      </trkpt>
      <trkpt lat="23.085389" lon="113.048773">
        <ele>11.5</ele>
      </trkpt>
      <trkpt lat="23.085576" lon="113.049652">
        <ele>11.25</ele>
      </trkpt>
      <trkpt lat="23.085722" lon="113.050273">
        <ele>12.25</ele>
      </trkpt>
      <trkpt lat="23.085857" lon="113.050768">
        <ele>14.5</ele>
      </trkpt>
      <trkpt lat="23.086086" lon="113.051494">
        <ele>16.75</ele>
      </trkpt>
      <trkpt lat="23.086255" lon="113.051936">
        <ele>17.5</ele>
      </trkpt>
      <trkpt lat="23.086669" lon="113.052956">
        <ele>20</ele>
      </trkpt>
      <trkpt lat="23.086785" lon="113.053211">
        <ele>20.25</ele>
      </trkpt>
      <trkpt lat="23.086925" lon="113.053496">
        <ele>18.25</ele>
      </trkpt>
      <trkpt lat="23.087111" lon="113.053865">
        <ele>13.25</ele>
      </trkpt>
      <trkpt lat="23.087272" lon="113.054167">
        <ele>8.5</ele>
      </trkpt>
      <trkpt lat="23.087624" lon="113.054767">
        <ele>9.75</ele>
      </trkpt>
      <trkpt lat="23.087922" lon="113.055251">
        <ele>9</ele>
      </trkpt>
      <trkpt lat="23.089025" lon="113.05698">
        <ele>5.75</ele>
      </trkpt>
      <trkpt lat="23.089489" lon="113.057683">
        <ele>5.5</ele>
      </trkpt>
      <trkpt lat="23.095107" lon="113.066493">
        <ele>3.5</ele>
      </trkpt>
      <trkpt lat="23.095341" lon="113.066849">
        <ele>3.5</ele>
      </trkpt>
      <trkpt lat="23.095962" lon="113.067821">
        <ele>3.25</ele>
      </trkpt>
      <trkpt lat="23.09634" lon="113.068407">
        <ele>3</ele>
      </trkpt>
      <trkpt lat="23.097123" lon="113.069668">
        <ele>2.75</ele>
      </trkpt>
      <trkpt lat="23.097524" lon="113.070389">
        <ele>2.75</ele>
      </trkpt>
      <trkpt lat="23.098129" lon="113.071608">
        <ele>2.5</ele>
      </trkpt>
      <trkpt lat="23.098317" lon="113.072008">
        <ele>2.25</ele>
      </trkpt>
      <trkpt lat="23.098552" lon="113.072555">
        <ele>2.25</ele>
      </trkpt>
      <trkpt lat="23.098782" lon="113.073208">
        <ele>2</ele>
      </trkpt>
      <trkpt lat="23.098951" lon="113.073732">
        <ele>2</ele>
      </trkpt>
      <trkpt lat="23.099131" lon="113.074348">
        <ele>2</ele>
      </trkpt>
      <trkpt lat="23.099231" lon="113.074726">
        <ele>1.75</ele>
      </trkpt>
      <trkpt lat="23.099341" lon="113.07519">
        <ele>1.75</ele>
      </trkpt>
      <trkpt lat="23.099423" lon="113.075668">
        <ele>1.75</ele>
      </trkpt>
      <trkpt lat="23.099492" lon="113.076174">
        <ele>1.5</ele>
      </trkpt>
      <trkpt lat="23.099557" lon="113.076868">
        <ele>1.5</ele>
      </trkpt>
      <trkpt lat="23.099599" lon="113.077444">
        <ele>1.25</ele>
      </trkpt>
      <trkpt lat="23.099629" lon="113.078057">
        <ele>1.25</ele>
      </trkpt>
      <trkpt lat="23.099636" lon="113.078451">
        <ele>1.25</ele>
      </trkpt>
      <trkpt lat="23.099629" lon="113.078884">
        <ele>1</ele>
      </trkpt>
      <trkpt lat="23.099599" lon="113.07944">
        <ele>1</ele>
      </trkpt>
      <trkpt lat="23.099527" lon="113.080145">
        <ele>0.75</ele>
      </trkpt>
      <trkpt lat="23.099465" lon="113.080687">
        <ele>0.75</ele>
      </trkpt>
      <trkpt lat="23.099393" lon="113.081249">
        <ele>0.75</ele>
      </trkpt>
      <trkpt lat="23.098741" lon="113.085609">
        <ele>0</ele>
      </trkpt>
      <trkpt lat="23.098664" lon="113.086196">
        <ele>0</ele>
      </trkpt>
      <trkpt lat="23.098421" lon="113.087851">
        <ele>-0.25</ele>
      </trkpt>
      <trkpt lat="23.098175" lon="113.089486">
        <ele>-0.75</ele>
      </trkpt>
      <trkpt lat="23.097965" lon="113.090837">
        <ele>-1</ele>
      </trkpt>
      <trkpt lat="23.097729" lon="113.092548">
        <ele>-1</ele>
      </trkpt>
      <trkpt lat="23.09767" lon="113.092973">
        <ele>0.5</ele>
      </trkpt>
      <trkpt lat="23.097587" lon="113.093575">
        <ele>0.25</ele>
      </trkpt>
      <trkpt lat="23.097281" lon="113.095643">
        <ele>0.25</ele>
      </trkpt>
      <trkpt lat="23.097069" lon="113.097152">
        <ele>0.25</ele>
      </trkpt>
      <trkpt lat="23.09679" lon="113.098994">
        <ele>0</ele>
      </trkpt>
      <trkpt lat="23.096591" lon="113.100054">
        <ele>0</ele>
      </trkpt>
      <trkpt lat="23.096482" lon="113.100519">
        <ele>0</ele>
      </trkpt>
      <trkpt lat="23.096383" lon="113.100903">
        <ele>0</ele>
      </trkpt>
      <trkpt lat="23.096278" lon="113.101272">
        <ele>0</ele>
      </trkpt>
      <trkpt lat="23.09612" lon="113.101788">
        <ele>0</ele>
      </trkpt>
      <trkpt lat="23.095957" lon="113.102246">
        <ele>0</ele>
      </trkpt>
      <trkpt lat="23.0958" lon="113.102666">
        <ele>0</ele>
      </trkpt>
      <trkpt lat="23.095617" lon="113.103098">
        <ele>0</ele>
      </trkpt>
      <trkpt lat="23.09535" lon="113.103674">
        <ele>0</ele>
      </trkpt>
      <trkpt lat="23.095145" lon="113.104072">
        <ele>0</ele>
      </trkpt>
      <trkpt lat="23.09488" lon="113.10456">
        <ele>0</ele>
      </trkpt>
      <trkpt lat="23.094536" lon="113.105157">
        <ele>0</ele>
      </trkpt>
      <trkpt lat="23.094215" lon="113.105653">
        <ele>0</ele>
      </trkpt>
      <trkpt lat="23.093569" lon="113.106582">
        <ele>0</ele>
      </trkpt>
      <trkpt lat="23.092847" lon="113.107604">
        <ele>-0.25</ele>
      </trkpt>
      <trkpt lat="23.092105" lon="113.108641">
        <ele>-0.25</ele>
      </trkpt>
      <trkpt lat="23.091363" lon="113.109665">
        <ele>-0.25</ele>
      </trkpt>
      <trkpt lat="23.090952" lon="113.110246">
        <ele>-0.25</ele>
      </trkpt>
      <trkpt lat="23.090632" lon="113.110711">
        <ele>-0.25</ele>
      </trkpt>
      <trkpt lat="23.0904" lon="113.111063">
        <ele>-0.25</ele>
      </trkpt>
      <trkpt lat="23.090164" lon="113.111439">
        <ele>-0.25</ele>
      </trkpt>
      <trkpt lat="23.089982" lon="113.111744">
        <ele>-0.5</ele>
      </trkpt>
      <trkpt lat="23.089814" lon="113.112048">
        <ele>-0.5</ele>
      </trkpt>
      <trkpt lat="23.089418" lon="113.112833">
        <ele>-0.5</ele>
      </trkpt>
      <trkpt lat="23.089221" lon="113.113238">
        <ele>-0.5</ele>
      </trkpt>
      <trkpt lat="23.088978" lon="113.113808">
        <ele>-0.5</ele>
      </trkpt>
      <trkpt lat="23.08872" lon="113.114518">
        <ele>-0.5</ele>
      </trkpt>
      <trkpt lat="23.088607" lon="113.114849">
        <ele>-0.5</ele>
      </trkpt>
      <trkpt lat="23.08849" lon="113.115208">
        <ele>-0.5</ele>
      </trkpt>
      <trkpt lat="23.088394" lon="113.115537">
        <ele>-0.5</ele>
      </trkpt>
      <trkpt lat="23.088294" lon="113.115928">
        <ele>-0.5</ele>
      </trkpt>
      <trkpt lat="23.088184" lon="113.116419">
        <ele>-0.75</ele>
      </trkpt>
      <trkpt lat="23.088076" lon="113.116963">
        <ele>-0.75</ele>
      </trkpt>
      <trkpt lat="23.087995" lon="113.11741">
        <ele>-0.75</ele>
      </trkpt>
      <trkpt lat="23.087922" lon="113.117897">
        <ele>-0.75</ele>
      </trkpt>
      <trkpt lat="23.087877" lon="113.118277">
        <ele>-0.75</ele>
      </trkpt>
      <trkpt lat="23.087837" lon="113.118696">
        <ele>-0.75</ele>
      </trkpt>
      <trkpt lat="23.08781" lon="113.11909">
        <ele>-0.75</ele>
      </trkpt>
      <trkpt lat="23.087794" lon="113.119473">
        <ele>-0.75</ele>
      </trkpt>
      <trkpt lat="23.087789" lon="113.119966">
        <ele>-0.75</ele>
      </trkpt>
      <trkpt lat="23.087792" lon="113.120335">
        <ele>-0.75</ele>
      </trkpt>
      <trkpt lat="23.087802" lon="113.120757">
        <ele>-0.75</ele>
      </trkpt>
      <trkpt lat="23.087837" lon="113.121425">
        <ele>-0.75</ele>
      </trkpt>
      <trkpt lat="23.087873" lon="113.121843">
        <ele>-1</ele>
      </trkpt>
      <trkpt lat="23.087934" lon="113.122359">
        <ele>-0.25</ele>
      </trkpt>
      <trkpt lat="23.088006" lon="113.122838">
        <ele>0</ele>
      </trkpt>
      <trkpt lat="23.0881" lon="113.123347">
        <ele>0</ele>
      </trkpt>
      <trkpt lat="23.088163" lon="113.123666">
        <ele>-0.25</ele>
      </trkpt>
      <trkpt lat="23.088263" lon="113.124068">
        <ele>-0.75</ele>
      </trkpt>
      <trkpt lat="23.088446" lon="113.124704">
        <ele>-1.25</ele>
      </trkpt>
      <trkpt lat="23.088574" lon="113.125113">
        <ele>-1.75</ele>
      </trkpt>
      <trkpt lat="23.088726" lon="113.125595">
        <ele>-0.75</ele>
      </trkpt>
      <trkpt lat="23.089328" lon="113.127409">
        <ele>-1.5</ele>
      </trkpt>
      <trkpt lat="23.090122" lon="113.129855">
        <ele>3</ele>
      </trkpt>
      <trkpt lat="23.090292" lon="113.130366">
        <ele>2.25</ele>
      </trkpt>
      <trkpt lat="23.091678" lon="113.134516">
        <ele>-2.25</ele>
      </trkpt>
      <trkpt lat="23.093048" lon="113.138703">
        <ele>-1.75</ele>
      </trkpt>
      <trkpt lat="23.094967" lon="113.144453">
        <ele>-0.75</ele>
      </trkpt>
      <trkpt lat="23.095412" lon="113.145811">
        <ele>-1.5</ele>
      </trkpt>
      <trkpt lat="23.095794" lon="113.147084">
        <ele>0.5</ele>
      </trkpt>
      <trkpt lat="23.095913" lon="113.1475">
        <ele>-0.25</ele>
      </trkpt>
      <trkpt lat="23.096046" lon="113.148013">
        <ele>-0.5</ele>
      </trkpt>
      <trkpt lat="23.096163" lon="113.148506">
        <ele>-0.75</ele>
      </trkpt>
      <trkpt lat="23.096349" lon="113.149343">
        <ele>-1.25</ele>
      </trkpt>
      <trkpt lat="23.096435" lon="113.149775">
        <ele>-0.25</ele>
      </trkpt>
      <trkpt lat="23.096534" lon="113.150312">
        <ele>0.5</ele>
      </trkpt>
      <trkpt lat="23.096808" lon="113.151809">
        <ele>-0.5</ele>
      </trkpt>
      <trkpt lat="23.097573" lon="113.156217">
        <ele>1.25</ele>
      </trkpt>
      <trkpt lat="23.097675" lon="113.156828">
        <ele>1.5</ele>
      </trkpt>
      <trkpt lat="23.097817" lon="113.157565">
        <ele>1.5</ele>
      </trkpt>
      <trkpt lat="23.097983" lon="113.158536">
        <ele>-0.75</ele>
      </trkpt>
      <trkpt lat="23.098265" lon="113.159977">
        <ele>-1.5</ele>
      </trkpt>
      <trkpt lat="23.098442" lon="113.160756">
        <ele>-0.5</ele>
      </trkpt>
      <trkpt lat="23.098547" lon="113.161169">
        <ele>-1</ele>
      </trkpt>
      <trkpt lat="23.098786" lon="113.16202">
        <ele>-1.75</ele>
      </trkpt>
      <trkpt lat="23.098998" lon="113.162707">
        <ele>-0.5</ele>
      </trkpt>
      <trkpt lat="23.099191" lon="113.163227">
        <ele>0.75</ele>
      </trkpt>
      <trkpt lat="23.101946" lon="113.170226">
        <ele>3.75</ele>
      </trkpt>
      <trkpt lat="23.102225" lon="113.170951">
        <ele>1.5</ele>
      </trkpt>
      <trkpt lat="23.102325" lon="113.171228">
        <ele>0.75</ele>
      </trkpt>
      <trkpt lat="23.102414" lon="113.17149">
        <ele>0.75</ele>
      </trkpt>
      <trkpt lat="23.102561" lon="113.171971">
        <ele>0.25</ele>
      </trkpt>
      <trkpt lat="23.102703" lon="113.172523">
        <ele>0</ele>
      </trkpt>
      <trkpt lat="23.102803" lon="113.173029">
        <ele>1</ele>
      </trkpt>
      <trkpt lat="23.102871" lon="113.173449">
        <ele>1.25</ele>
      </trkpt>
      <trkpt lat="23.102937" lon="113.173922">
        <ele>2</ele>
      </trkpt>
      <trkpt lat="23.10298" lon="113.17431">
        <ele>2.25</ele>
      </trkpt>
      <trkpt lat="23.102995" lon="113.174536">
        <ele>2.25</ele>
      </trkpt>
      <trkpt lat="23.103011" lon="113.174842">
        <ele>2.5</ele>
      </trkpt>
      <trkpt lat="23.103017" lon="113.175265">
        <ele>2</ele>
      </trkpt>
      <trkpt lat="23.103021" lon="113.176003">
        <ele>0.5</ele>
      </trkpt>
      <trkpt lat="23.103013" lon="113.176611">
        <ele>0.5</ele>
      </trkpt>
      <trkpt lat="23.102983" lon="113.177688">
        <ele>-1</ele>
      </trkpt>
      <trkpt lat="23.102924" lon="113.179785">
        <ele>1.25</ele>
      </trkpt>
      <trkpt lat="23.10285" lon="113.183014">
        <ele>1</ele>
      </trkpt>
      <trkpt lat="23.102833" lon="113.183772">
        <ele>1.25</ele>
      </trkpt>
      <trkpt lat="23.102774" lon="113.186717">
        <ele>2.25</ele>
      </trkpt>
      <trkpt lat="23.102759" lon="113.187561">
        <ele>2.75</ele>
      </trkpt>
      <trkpt lat="23.102728" lon="113.188205">
        <ele>3</ele>
      </trkpt>
      <trkpt lat="23.102675" lon="113.188881">
        <ele>3.25</ele>
      </trkpt>
      <trkpt lat="23.102576" lon="113.189626">
        <ele>3.5</ele>
      </trkpt>
      <trkpt lat="23.102516" lon="113.189951">
        <ele>3.75</ele>
      </trkpt>
      <trkpt lat="23.102349" lon="113.190627">
        <ele>4</ele>
      </trkpt>
      <trkpt lat="23.102211" lon="113.191147">
        <ele>4.25</ele>
      </trkpt>
      <trkpt lat="23.102101" lon="113.191485">
        <ele>4.25</ele>
      </trkpt>
      <trkpt lat="23.102005" lon="113.191758">
        <ele>4.5</ele>
      </trkpt>
      <trkpt lat="23.101695" lon="113.192501">
        <ele>4.75</ele>
      </trkpt>
      <trkpt lat="23.101485" lon="113.192927">
        <ele>5</ele>
      </trkpt>
      <trkpt lat="23.101239" lon="113.193384">
        <ele>5.25</ele>
      </trkpt>
      <trkpt lat="23.100982" lon="113.193807">
        <ele>5.25</ele>
      </trkpt>
      <trkpt lat="23.10068" lon="113.194264">
        <ele>5.5</ele>
      </trkpt>
      <trkpt lat="23.100301" lon="113.194796">
        <ele>5.75</ele>
      </trkpt>
      <trkpt lat="23.099986" lon="113.195169">
        <ele>6</ele>
      </trkpt>
      <trkpt lat="23.099562" lon="113.195591">
        <ele>6.25</ele>
      </trkpt>
      <trkpt lat="23.09924" lon="113.195887">
        <ele>6.5</ele>
      </trkpt>
      <trkpt lat="23.098894" lon="113.196182">
        <ele>6.75</ele>
      </trkpt>
      <trkpt lat="23.098218" lon="113.196714">
        <ele>7</ele>
      </trkpt>
      <trkpt lat="23.097839" lon="113.196984">
        <ele>7.25</ele>
      </trkpt>
      <trkpt lat="23.09746" lon="113.197243">
        <ele>7.5</ele>
      </trkpt>
      <trkpt lat="23.097331" lon="113.197323">
        <ele>7.5</ele>
      </trkpt>
      <trkpt lat="23.097026" lon="113.197487">
        <ele>7.75</ele>
      </trkpt>
      <trkpt lat="23.096888" lon="113.197552">
        <ele>7.75</ele>
      </trkpt>
      <trkpt lat="23.096135" lon="113.197897">
        <ele>8</ele>
      </trkpt>
      <trkpt lat="23.095945" lon="113.197977">
        <ele>8.25</ele>
      </trkpt>
      <trkpt lat="23.095636" lon="113.198097">
        <ele>8.25</ele>
      </trkpt>
      <trkpt lat="23.095406" lon="113.198178">
        <ele>8.5</ele>
      </trkpt>
      <trkpt lat="23.094989" lon="113.198313">
        <ele>8.5</ele>
      </trkpt>
      <trkpt lat="23.093078" lon="113.198856">
        <ele>9.5</ele>
      </trkpt>
      <trkpt lat="23.090585" lon="113.199543">
        <ele>10.5</ele>
      </trkpt>
      <trkpt lat="23.08834" lon="113.20014">
        <ele>11.5</ele>
      </trkpt>
      <trkpt lat="23.087139" lon="113.2004">
        <ele>12.25</ele>
      </trkpt>
      <trkpt lat="23.085035" lon="113.200875">
        <ele>13</ele>
      </trkpt>
      <trkpt lat="23.084216" lon="113.201048">
        <ele>13.5</ele>
      </trkpt>
      <trkpt lat="23.081354" lon="113.20158">
        <ele>14.75</ele>
      </trkpt>
      <trkpt lat="23.080146" lon="113.201821">
        <ele>15.25</ele>
      </trkpt>
      <trkpt lat="23.078012" lon="113.202223">
        <ele>16.25</ele>
      </trkpt>
      <trkpt lat="23.077608" lon="113.202308">
        <ele>16.25</ele>
      </trkpt>
      <trkpt lat="23.076544" lon="113.202515">
        <ele>16.75</ele>
      </trkpt>
      <trkpt lat="23.075733" lon="113.202661">
        <ele>17.25</ele>
      </trkpt>
      <trkpt lat="23.075068" lon="113.202797">
        <ele>17.5</ele>
      </trkpt>
      <trkpt lat="23.074473" lon="113.202907">
        <ele>17.75</ele>
      </trkpt>
      <trkpt lat="23.072956" lon="113.203205">
        <ele>18.5</ele>
      </trkpt>
      <trkpt lat="23.072244" lon="113.20337">
        <ele>18.75</ele>
      </trkpt>
      <trkpt lat="23.071308" lon="113.203616">
        <ele>19.25</ele>
      </trkpt>
      <trkpt lat="23.070045" lon="113.203975">
        <ele>19.75</ele>
      </trkpt>
      <trkpt lat="23.069549" lon="113.204142">
        <ele>20</ele>
      </trkpt>
      <trkpt lat="23.068231" lon="113.204631">
        <ele>20.5</ele>
      </trkpt>
      <trkpt lat="23.067821" lon="113.204798">
        <ele>20.75</ele>
      </trkpt>
      <trkpt lat="23.066561" lon="113.205338">
        <ele>21.25</ele>
      </trkpt>
      <trkpt lat="23.065975" lon="113.205622">
        <ele>21.75</ele>
      </trkpt>
      <trkpt lat="23.065244" lon="113.206002">
        <ele>22</ele>
      </trkpt>
      <trkpt lat="23.063489" lon="113.206946">
        <ele>22.75</ele>
      </trkpt>
      <trkpt lat="23.062822" lon="113.207343">
        <ele>23.25</ele>
      </trkpt>
      <trkpt lat="23.062439" lon="113.20758">
        <ele>23.25</ele>
      </trkpt>
      <trkpt lat="23.061748" lon="113.207981">
        <ele>23.75</ele>
      </trkpt>
      <trkpt lat="23.060267" lon="113.208879">
        <ele>24.5</ele>
      </trkpt>
      <trkpt lat="23.059869" lon="113.209114">
        <ele>24.75</ele>
      </trkpt>
      <trkpt lat="23.059184" lon="113.209547">
        <ele>25</ele>
      </trkpt>
      <trkpt lat="23.05862" lon="113.20988">
        <ele>25.25</ele>
      </trkpt>
      <trkpt lat="23.056864" lon="113.210879">
        <ele>26</ele>
      </trkpt>
      <trkpt lat="23.056014" lon="113.211352">
        <ele>26.5</ele>
      </trkpt>
      <trkpt lat="23.055709" lon="113.211507">
        <ele>26.75</ele>
      </trkpt>
      <trkpt lat="23.055336" lon="113.211687">
        <ele>26.75</ele>
      </trkpt>
      <trkpt lat="23.054188" lon="113.21218">
        <ele>27.5</ele>
      </trkpt>
      <trkpt lat="23.053171" lon="113.212597">
        <ele>27.75</ele>
      </trkpt>
      <trkpt lat="23.051453" lon="113.213227">
        <ele>28.75</ele>
      </trkpt>
      <trkpt lat="23.050705" lon="113.213491">
        <ele>29</ele>
      </trkpt>
      <trkpt lat="23.049753" lon="113.213806">
        <ele>29.5</ele>
      </trkpt>
      <trkpt lat="23.049064" lon="113.214044">
        <ele>29.75</ele>
      </trkpt>
      <trkpt lat="23.048332" lon="113.214266">
        <ele>30</ele>
      </trkpt>
      <trkpt lat="23.042754" lon="113.216119">
        <ele>32.5</ele>
      </trkpt>
      <trkpt lat="23.041984" lon="113.216398">
        <ele>33</ele>
      </trkpt>
      <trkpt lat="23.037644" lon="113.217878">
        <ele>35</ele>
      </trkpt>
      <trkpt lat="23.036728" lon="113.21819">
        <ele>35.25</ele>
      </trkpt>
      <trkpt lat="23.036152" lon="113.218402">
        <ele>35.75</ele>
      </trkpt>
      <trkpt lat="23.035604" lon="113.218638">
        <ele>36</ele>
      </trkpt>
      <trkpt lat="23.035342" lon="113.218775">
        <ele>36</ele>
      </trkpt>
      <trkpt lat="23.034832" lon="113.21907">
        <ele>36.25</ele>
      </trkpt>
      <trkpt lat="23.034264" lon="113.219416">
        <ele>36.5</ele>
      </trkpt>
      <trkpt lat="23.033747" lon="113.219755">
        <ele>36.75</ele>
      </trkpt>
      <trkpt lat="23.033254" lon="113.220094">
        <ele>37</ele>
      </trkpt>
      <trkpt lat="23.032695" lon="113.220564">
        <ele>37.5</ele>
      </trkpt>
      <trkpt lat="23.032042" lon="113.221107">
        <ele>37.5</ele>
      </trkpt>
      <trkpt lat="23.031635" lon="113.221444">
        <ele>37.5</ele>
      </trkpt>
      <trkpt lat="23.031276" lon="113.221789">
        <ele>37.5</ele>
      </trkpt>
      <trkpt lat="23.030847" lon="113.222265">
        <ele>37.5</ele>
      </trkpt>
      <trkpt lat="23.030582" lon="113.222585">
        <ele>37.5</ele>
      </trkpt>
      <trkpt lat="23.03012" lon="113.223212">
        <ele>37.5</ele>
      </trkpt>
      <trkpt lat="23.029767" lon="113.223729">
        <ele>37.5</ele>
      </trkpt>
      <trkpt lat="23.029228" lon="113.224536">
        <ele>37.5</ele>
      </trkpt>
      <trkpt lat="23.028064" lon="113.226314">
        <ele>37.5</ele>
      </trkpt>
      <trkpt lat="23.027642" lon="113.226931">
        <ele>37.5</ele>
      </trkpt>
      <trkpt lat="23.02719" lon="113.227615">
        <ele>37.5</ele>
      </trkpt>
      <trkpt lat="23.026737" lon="113.228285">
        <ele>37.5</ele>
      </trkpt>
      <trkpt lat="23.026426" lon="113.228789">
        <ele>37.5</ele>
      </trkpt>
      <trkpt lat="23.026262" lon="113.229077">
        <ele>37.5</ele>
      </trkpt>
      <trkpt lat="23.026105" lon="113.229371">
        <ele>37.5</ele>
      </trkpt>
      <trkpt lat="23.025933" lon="113.229718">
        <ele>37.5</ele>
      </trkpt>
      <trkpt lat="23.025753" lon="113.230121">
        <ele>37.5</ele>
      </trkpt>
      <trkpt lat="23.02554" lon="113.230724">
        <ele>37.5</ele>
      </trkpt>
      <trkpt lat="23.025272" lon="113.231366">
        <ele>37.5</ele>
      </trkpt>
      <trkpt lat="23.025152" lon="113.231704">
        <ele>37.5</ele>
      </trkpt>
      <trkpt lat="23.024849" lon="113.232641">
        <ele>37.5</ele>
      </trkpt>
      <trkpt lat="23.023843" lon="113.23553">
        <ele>37.5</ele>
      </trkpt>
      <trkpt lat="23.023266" lon="113.237048">
        <ele>37.5</ele>
      </trkpt>
      <trkpt lat="23.023035" lon="113.237638">
        <ele>37.5</ele>
      </trkpt>
      <trkpt lat="23.022769" lon="113.238204">
        <ele>37.5</ele>
      </trkpt>
      <trkpt lat="23.02257" lon="113.238608">
        <ele>37.5</ele>
      </trkpt>
      <trkpt lat="23.022202" lon="113.239245">
        <ele>37.5</ele>
      </trkpt>
      <trkpt lat="23.02176" lon="113.239977">
        <ele>37.5</ele>
      </trkpt>
      <trkpt lat="23.020868" lon="113.241344">
        <ele>37.5</ele>
      </trkpt>
      <trkpt lat="23.020525" lon="113.241843">
        <ele>37.5</ele>
      </trkpt>
      <trkpt lat="23.020069" lon="113.24246">
        <ele>37.5</ele>
      </trkpt>
      <trkpt lat="23.019343" lon="113.243337">
        <ele>37.5</ele>
      </trkpt>
      <trkpt lat="23.019128" lon="113.243578">
        <ele>37.5</ele>
      </trkpt>
      <trkpt lat="23.018713" lon="113.244029">
        <ele>37.5</ele>
      </trkpt>
      <trkpt lat="23.018069" lon="113.244686">
        <ele>37.5</ele>
      </trkpt>
      <trkpt lat="23.017844" lon="113.244903">
        <ele>37.5</ele>
      </trkpt>
      <trkpt lat="23.016887" lon="113.245728">
        <ele>37.5</ele>
      </trkpt>
      <trkpt lat="23.016446" lon="113.246081">
        <ele>37.5</ele>
      </trkpt>
      <trkpt lat="23.015379" lon="113.246901">
        <ele>37.5</ele>
      </trkpt>
      <trkpt lat="23.012096" lon="113.249399">
        <ele>37.5</ele>
      </trkpt>
      <trkpt lat="23.010688" lon="113.250429">
        <ele>37.5</ele>
      </trkpt>
      <trkpt lat="23.009341" lon="113.251434">
        <ele>37.5</ele>
      </trkpt>
      <trkpt lat="23.00874" lon="113.251945">
        <ele>37.5</ele>
      </trkpt>
      <trkpt lat="23.007754" lon="113.252675">
        <ele>37.5</ele>
      </trkpt>
      <trkpt lat="23.007273" lon="113.253013">
        <ele>37.5</ele>
      </trkpt>
      <trkpt lat="23.006836" lon="113.253331">
        <ele>37.5</ele>
      </trkpt>
      <trkpt lat="23.005667" lon="113.254162">
        <ele>37.5</ele>
      </trkpt>
      <trkpt lat="23.004923" lon="113.254704">
        <ele>37.5</ele>
      </trkpt>
      <trkpt lat="23.0043" lon="113.255175">
        <ele>37.5</ele>
      </trkpt>
      <trkpt lat="23.003675" lon="113.255638">
        <ele>37.5</ele>
      </trkpt>
      <trkpt lat="23.00275" lon="113.256311">
        <ele>37.5</ele>
      </trkpt>
      <trkpt lat="23.002231" lon="113.256755">
        <ele>37.5</ele>
      </trkpt>
      <trkpt lat="23.000189" lon="113.258261">
        <ele>37.5</ele>
      </trkpt>
      <trkpt lat="22.99895" lon="113.259158">
        <ele>37.5</ele>
      </trkpt>
      <trkpt lat="22.997767" lon="113.260052">
        <ele>37.5</ele>
      </trkpt>
      <trkpt lat="22.996414" lon="113.261025">
        <ele>37.5</ele>
      </trkpt>
      <trkpt lat="22.995543" lon="113.261669">
        <ele>37.5</ele>
      </trkpt>
      <trkpt lat="22.994948" lon="113.262164">
        <ele>37.5</ele>
      </trkpt>
      <trkpt lat="22.993975" lon="113.26294">
        <ele>37.5</ele>
      </trkpt>
      <trkpt lat="22.993489" lon="113.263351">
        <ele>37.5</ele>
      </trkpt>
      <trkpt lat="22.991781" lon="113.264611">
        <ele>37.5</ele>
      </trkpt>
    </trkseg>
  </trk>
</gpx>
